{
	"Puzzle.tryAgain": "Die gemerkte blok is nie korrek nie.\nHou aan om te probeer.",
	"Puzzle.country3City2": "Shanghai",
	"Puzzle.country3City1": "Beijing",
	"Puzzle.country3Language": "Sjinees",
	"Puzzle.checkAnswers": "Kontroleer antwoorde",
	"Puzzle.language": "taal:",
	"Apps.dialogOk": "OK",
	"Puzzle.country1HelpUrl": "http://af.wikipedia.org/wiki/Australië",
	"Puzzle.languageChoose": "kies...",
	"Puzzle.country4City2": "São Paulo",
	"Puzzle.country4City1": "Rio de Janeiro",
	"Puzzle.country2": "Duitsland",
	"Puzzle.helpText": "Vir elke land (groen), koppel die vlag, kies die taal en maak 'n stapel van sy stede.",
	"Puzzle.flag": "vlag:",
	"Puzzle.country1Language": "Engels",
	"Puzzle.country4HelpUrl": "http://af.wikipedia.org/wiki/Brasilië",
	"Puzzle.country2HelpUrl": "http://af.wikipedia.org/wiki/Duitsland",
	"Puzzle.country3HelpUrl": "http://af.wikipedia.org/wiki/Sjina",
	"Puzzle.country1City1": "Melbourne",
	"Puzzle.country1City2": "Sydney",
	"Puzzle.country2Language": "Duits",
	"Puzzle.country3": "Sjina",
	"Puzzle.country4Language": "Portugees",
	"Puzzle.country1": "Australië",
	"Puzzle.error1": "Byna! Eén blok is inkorrek.",
	"Puzzle.error0": "Perfek!\nAl %1 blokke is korrek.",
	"Puzzle.country4": "Brasilië",
	"Puzzle.error2": "%1 blokke is inkorrek.",
	"Puzzle.help": "Hulp",
	"Puzzle.title": "Legkaart",
	"Puzzle.country2City1": "Berlyn",
	"Puzzle.cities": "stede:",
	"Puzzle.country2City2": "München"
}
