{
	"Puzzle.tryAgain": "Вылучаны блёк зьмешчаны няправільна.\nСпрабуйце далей.",
	"Puzzle.country3City2": "Шанхай",
	"Puzzle.country3HelpUrl": "http://be-x-old.wikipedia.org/wiki/Кітай",
	"Puzzle.country3Language": "кітайская",
	"Puzzle.checkAnswers": "Праверыць адказы",
	"Puzzle.language": "мова:",
	"Apps.dialogOk": "OK",
	"Puzzle.title": "Мазгатня",
	"Puzzle.country1HelpUrl": "http://be-x-old.wikipedia.org/wiki/Аўстралія",
	"Puzzle.languageChoose": "выберыце...",
	"Puzzle.country4City2": "Сан-Паўлу",
	"Puzzle.country4City1": "Рыё-дэ-Жанэйра",
	"Puzzle.country4Language": "партугальская",
	"Puzzle.helpText": "Далучыце да кожнай краіны (зялёны) яе сьцяг, выберыце яе афіцыйную мову і вызначыце гарады, што ёсьць у гэтай краіне.",
	"Puzzle.flag": "сьцяг",
	"Puzzle.country4HelpUrl": "http://be-x-old.wikipedia.org/wiki/Бразылія",
	"Puzzle.error1": "Бязмала! Адзін блёк зьмешчаны няправільна.",
	"Puzzle.country3City1": "Пэкін",
	"Puzzle.country1City1": "Мэльбурн",
	"Puzzle.country1City2": "Сыднэй",
	"Puzzle.country2Language": "нямецкая",
	"Puzzle.country3": "Кітай",
	"Puzzle.country2": "Нямеччына",
	"Puzzle.country1": "Аўстралія",
	"Puzzle.country2HelpUrl": "http://be-x-old.wikipedia.org/wiki/Нямеччына",
	"Puzzle.error0": "Выдатна!\nУсе блёкі (%1) зьмешчаныя правільна.",
	"Puzzle.country4": "Бразылія",
	"Puzzle.error2": "Некалькі блёкаў (%1) зьмешчаныя няправільна.",
	"Puzzle.help": "Дапамога",
	"Puzzle.country1Language": "ангельская",
	"Puzzle.country2City1": "Бэрлін",
	"Puzzle.cities": "гарады:",
	"Puzzle.country2City2": "Мюнхэн"
}
