{
	"Puzzle.country3City2": "সাংহাই",
	"Puzzle.country3City1": "বেইজিং",
	"Puzzle.country3Language": "চাইনিজ",
	"Puzzle.checkAnswers": "উত্তর যাচাই করুন",
	"Puzzle.language": "ভাষা:",
	"Apps.dialogOk": "ঠিক আছে",
	"Puzzle.languageChoose": "পছন্দ করুন...",
	"Puzzle.country4City2": "সাও পাওলো",
	"Puzzle.country4City1": "রিউ দি জানেইরু",
	"Puzzle.country4Language": "পর্তুগীজ",
	"Puzzle.flag": "পতাকা:",
	"Puzzle.country1City1": "মেলবোর্ন",
	"Puzzle.country1City2": "সিডনি",
	"Puzzle.country2Language": "জার্মান",
	"Puzzle.country3": "চীন",
	"Puzzle.country2": "জার্মানী",
	"Puzzle.country1": "অস্ট্রেলিয়া",
	"Puzzle.country4": "ব্রাজিল",
	"Puzzle.help": "সাহায্য",
	"Puzzle.country1Language": "ইংরেজি",
	"Puzzle.country2City1": "বার্লিন",
	"Puzzle.cities": "শহর:",
	"Puzzle.country2City2": "মিউনিখ"
}
