{
    "@metadata": {
        "authors": [
            "Chmee2",
            "Michaelbrabec"
        ]
    },
    "Apps.blocklyMessage": "Blockly",
    "Apps.codeTooltip": "Zobraz generovan\u00fd JavaScriptov\u00fd k\u00f3d.",
    "Apps.linkTooltip": "Ulo\u017e a spoj bloky..",
    "Apps.runProgram": "Spus\u0165 program",
    "Apps.resetProgram": "Reset",
    "Apps.dialogOk": "OK",
    "Apps.dialogCancel": "Zru\u0161it",
    "Apps.catLogic": "Logika",
    "Apps.catLoops": "Smy\u010dky",
    "Apps.catMath": "Matematika",
    "Apps.catText": "Text",
    "Apps.catLists": "Seznamy",
    "Apps.catColour": "Barva",
    "Apps.catVariables": "Prom\u011bnn\u00e9",
    "Apps.catProcedures": "Procedury",
    "Apps.httpRequestError": "Do\u0161lo k pot\u00ed\u017e\u00edm s po\u017eadavkem.",
    "Apps.linkAlert": "Sd\u00edlej bloky t\u00edmto odkazem: %1",
    "Apps.hashError": "Omlouv\u00e1me se, '%1' nesouhlas\u00ed s \u017e\u00e1dn\u00fdm z ulo\u017een\u00fdch soubor\u016f.",
    "Apps.xmlError": "Nepoda\u0159ilo se ulo\u017eit v\u00e1s soubor.  Pravd\u011bpodobn\u011b byl vytvo\u0159en jinou verz\u00ed Blockly?",
    "Apps.listVariable": "seznam",
    "Apps.textVariable": "text",
    "Code.badCode": "Chyba programu:\n%1",
    "Code.discard": "Odstranit v\u0161echny bloky %1?",
    "Code.title": "K\u00f3d",
    "Code.blocks": "Bloky",
    "Code.trashTooltip": "Zahodit v\u0161echny bloky.",
    "Graph.title": "Grafick\u00e1 kalkula\u010dka",
    "Puzzle.title": "Skl\u00e1da\u010dka",
    "Maze.maze": "Bludi\u0161t\u011b",
    "Turtle.title": "\u017delv\u00ed grafika",
    "Plane.plane": "Letadlo",
    "Maze.moveForward": "pohyb vp\u0159ed",
    "Maze.turnLeft": "oto\u010dit lev\u00e1",
    "Maze.turnRight": "oto\u010dit prav\u00e1",
    "Maze.doCode": "ud\u011blej",
    "Maze.elseCode": "jinak",
    "Maze.helpIfElse": "P\u0159\u00edkaz 'pokud-jinak' provede bu\u010f n\u011bco, nebo n\u011bco jin\u00e9ho.",
    "Maze.pathAhead": "pokud cesta vp\u0159ed",
    "Maze.pathLeft": "pokud cesta doleva",
    "Maze.pathRight": "pokud cesta doprava",
    "Maze.repeatUntil": "opakuj a\u017e do",
    "Maze.moveForwardTooltip": "Pohne Pegmanem vp\u0159ed o jedno pole.",
    "Maze.turnTooltip": "Oto\u010d\u00ed Pegmana vlevo nebo vpravo o 90 stup\u0148\u016f.",
    "Maze.ifTooltip": "Pokud je v dan\u00e9m sm\u011bru cesta, pak prove\u010f n\u011bjakou akci.",
    "Maze.ifelseTooltip": "Pokud je v dann\u00e9m sm\u011bru cesta, pak prove\u010f posloupnost akc\u00ed. V opa\u010dn\u00e9m p\u0159\u00edpad\u011b prove\u010f druhou posloupnost akc\u00ed.",
    "Maze.whileTooltip": "Opakuj obsa\u017een\u00e9 akce do t\u00e9 doby, dokud nen\u00ed dosa\u017een c\u00edlov\u00fd bod.",
    "Maze.capacity0": "Po\u010det zb\u00fdvaj\u00edc\u00edch blok\u016f %0.",
    "Maze.capacity1": "Po\u010det zb\u00fdvaj\u00edc\u00edch blok\u016f %1.",
    "Maze.capacity2": "Po\u010det zb\u00fdvaj\u00edc\u00edch blok\u016f %2.",
    "Maze.nextLevel": "Blahop\u0159ejeme! Jsi p\u0159ipraven vstoupit do levelu %1?",
    "Maze.finalLevel": "Blahop\u0159ejeme! Vy\u0159e\u0161il jsi posledn\u00ed level.",
    "Maze.runTooltip": "Hr\u00e1\u010d d\u011bl\u00e1 to, co bloky \u0159\u00edkaj\u00ed.",
    "Maze.resetTooltip": "Postav hr\u00e1\u010de zp\u011bt na za\u010d\u00e1tek bludi\u0161t\u011b.",
    "Maze.helpStack": "Poskl\u00e1dej n\u011bkolik pohyb\u016f vp\u0159ed dohromady a pomoc mi dos\u00e1hnout c\u00edle.",
    "Maze.helpOneTopBlock": "V tomto levelu mus\u00ed\u0161 posb\u00edrat v\u0161echny bloky na b\u00edl\u00e9m pozad\u00ed.",
    "Maze.helpRepeat": "Po\u010d\u00edta\u010de maj\u00ed omezenou pam\u011b\u0165. Dos\u00e1hni c\u00edle s pou\u017eit\u00edm pouze dvou blok\u016f. Pou\u017eij p\u0159\u00edkaz 'opakuj' pro zopakov\u00e1n\u00ed p\u0159\u00edkazu.",
    "Maze.helpRepeatMany": "Dos\u00e1hni c\u00edle s pou\u017eit\u00edm peti blok\u016f.",
    "Maze.helpIf": "Podm\u00ednka 'pokud' ud\u011bl\u00e1 n\u011bco pouze v p\u0159\u00edpad\u011b, \u017ee je spln\u011bna jej\u00ed podm\u00ednka. Zkus se oto\u010dit vlevo, pokud je nalevo cesta.",
    "Maze.helpWallFollow": "Dok\u00e1\u017ee\u0161 vy\u0159e\u0161it toto komplikovan\u00e9 bludi\u0161t\u011b? Zkus se p\u0159idr\u017eovat zdi po lev\u00e9 ruce.",
    "Plane.rows": "\u0158\u00e1dk\u016f: %1",
    "Plane.getRows": "\u0159\u00e1dky (% 1)",
    "Plane.rows1": "1. t\u0159\u00edda \u0159\u00e1dk\u016f: %1",
    "Plane.getRows1": "1. t\u0159\u00edda \u0159\u00e1dk\u016f (%1)",
    "Plane.rows2": "2. t\u0159\u00edda \u0159\u00e1dk\u016f: %1",
    "Plane.getRows2": "2. t\u0159\u00edda \u0159\u00e1dk\u016f (%1)",
    "Plane.seats": "Sedadla: %1",
    "Plane.placeholder": "?",
    "Plane.setSeats": "sedadla =",
    "Puzzle.country1": "Austr\u00e1lie",
    "Puzzle.country1Language": "Angli\u010dtina",
    "Puzzle.country1City1": "Melbourne",
    "Puzzle.country1City2": "Sydney",
    "Puzzle.country1HelpUrl": "http://cs.wikipedia.org/wiki/Austr\u00e1lie",
    "Puzzle.country2": "N\u011bmecko",
    "Puzzle.country2Language": "N\u011bm\u010dina",
    "Puzzle.country2City1": "Berl\u00edn",
    "Puzzle.country2City2": "Mnichov",
    "Puzzle.country2HelpUrl": "http://cs.wikipedia.org/wiki/N\u011bmecko",
    "Puzzle.country3": "\u010c\u00edna",
    "Puzzle.country3Language": "\u010c\u00edn\u0161tina",
    "Puzzle.country3City1": "Peking",
    "Puzzle.country3City2": "\u0160anghaj",
    "Puzzle.country3HelpUrl": "http://cs.wikipedia.org/wiki/\u010c\u00edna",
    "Puzzle.country4": "Braz\u00edlie",
    "Puzzle.country4Language": "Portugal\u0161tina",
    "Puzzle.country4City1": "Rio de Janeiro",
    "Puzzle.country4City2": "S\u00e3o Paulo",
    "Puzzle.country4HelpUrl": "http://cs.wikipedia.org/wiki/Braz\u00edlie",
    "Puzzle.flag": "vlajka:",
    "Puzzle.language": "jazyk:",
    "Puzzle.languageChoose": "vyber...",
    "Puzzle.cities": "m\u011bsta:",
    "Puzzle.error0": "V\u00fdborn\u011b!\nV\u0161ech %1 blok\u016f je um\u00edst\u011bno spr\u00e1vn\u011b.",
    "Puzzle.error1": "Skoro! Jeden blok je nespr\u00e1vn\u011b.",
    "Puzzle.error2": "%1 bloky jsou chybn\u011b.",
    "Puzzle.tryAgain": "Zv\u00fdrazn\u011bn\u00fd blok nen\u00ed spr\u00e1vn\u011b.\nZkou\u0161ej to d\u00e1l.",
    "Puzzle.help": "Pomoc",
    "Puzzle.checkAnswers": "Zkontrolovat odpov\u011bdi",
    "Puzzle.helpText": "Ke ka\u017ed\u00e9 zemi (zelen\u011b) p\u0159i\u0159a\u010f vlajku, jazyk a m\u011bsta",
    "Turtle.moveForward": "P\u0159esunout vp\u0159ed",
    "Turtle.moveBackward": "p\u0159esunout zp\u011bt",
    "Turtle.turnRight": "oto\u010dit doprava o",
    "Turtle.turnLeft": "oto\u010dit doleva o",
    "Turtle.widthTooltip": "Zm\u011bn\u00ed tlou\u0161\u0165ku pera.",
    "Turtle.setWidth": "nastavit \u0161\u00ed\u0159ku na",
    "Turtle.colourTooltip": "Zm\u011bn\u00ed barvu pera.",
    "Turtle.setColour": "nastavit barvu na",
    "Turtle.hideTurtle": "skr\u00fdt \u017eelvu",
    "Turtle.showTurtle": "zobrazit \u017eelvu",
    "Turtle.printHelpUrl": "http://cs.wikipedia.org/wiki/Tiska%C5%99stv%C3%AD",
    "Turtle.print": "vytisknout",
    "Turtle.fontHelpUrl": "http://cs.wikipedia.org/wiki/Font",
    "Turtle.font": "p\u00edsmo",
    "Turtle.fontSize": "velikost p\u00edsma",
    "Turtle.fontNormal": "norm\u00e1ln\u00ed",
    "Turtle.fontBold": "tu\u010dn\u00e9",
    "Turtle.fontItalic": "kurz\u00edva",
    "Turtle.unloadWarning": "Opu\u0161t\u011bn\u00ed t\u00e9to str\u00e1nky bude m\u00edt za n\u00e1sledek ztr\u00e1tu va\u0161\u00ed pr\u00e1ce.",
    "Turtle.captureTooltip": "Ulo\u017ete v\u00fdkres.",
    "Turtle.imgFilename": "kresba.png",
    "Turtle.catTurtle": "\u017delva"
}