{
    "@metadata": {
        "authors": [
            "Flow",
            "Metalhead64"
        ]
    },
    "Apps.subtitle": "Visuelle Programmierumgebung",
    "Apps.blocklyMessage": "Blockly",
    "Apps.codeTooltip": "Erzeugten JavaScript-Code ansehen.",
    "Apps.linkTooltip": "Speichern und auf Bausteine verlinken.",
    "Apps.runTooltip": "Das Programm ausf\u00fchren, das von den Bausteinen im Arbeitsbereich definiert ist.",
    "Apps.runProgram": "Programm ausf\u00fchren",
    "Apps.resetProgram": "Zur\u00fccksetzen",
    "Apps.dialogOk": "Okay",
    "Apps.dialogCancel": "Abbrechen",
    "Apps.catLogic": "Logik",
    "Apps.catLoops": "Schleifen",
    "Apps.catMath": "Mathematik",
    "Apps.catText": "Text",
    "Apps.catLists": "Listen",
    "Apps.catColour": "Farbe",
    "Apps.catVariables": "Variablen",
    "Apps.catProcedures": "Funktionen",
    "Apps.httpRequestError": "Mit der Anfrage gab es ein Problem.",
    "Apps.linkAlert": "Teile deine Bausteine mit diesem Link:\n\n%1",
    "Apps.hashError": "\u201e%1\u201c stimmt leider mit keinem gespeicherten Programm \u00fcberein.",
    "Apps.xmlError": "Deine gespeicherte Datei konnte nicht geladen werden. Vielleicht wurde sie mit einer anderen Version von Blockly erstellt.",
    "Apps.listVariable": "Liste",
    "Apps.textVariable": "Text",
    "Code.badXml": "Fehler beim Parsen von XML:\n%1\n\nW\u00e4hle 'OK' zum Verwerfen deiner \u00c4nderungen oder 'Abbrechen' zum weiteren Bearbeiten des XML.",
    "Code.badCode": "Programmfehler:\n%1",
    "Code.timeout": "Die maximalen Ausf\u00fchrungswiederholungen wurden \u00fcberschritten.",
    "Code.discard": "Alle %1 Bausteine l\u00f6schen?",
    "Code.title": "Code",
    "Code.blocks": "Bausteine",
    "Code.trashTooltip": "Alle Bausteine verwerfen.",
    "Graph.title": "Grafikrechner",
    "Apps.indexTitle": "Blockly-Anwendungen",
    "Apps.indexFooter": "Blockly ist frei und Open Source. Um Code oder \u00dcbersetzungen f\u00fcr Blockly beizusteuern oder um Blockly in deiner eigenen Anwendung zu verwenden, besuche %1.",
    "Apps.choiceIntro": "Blockly ist eine grafische Programmierumgebung. Unten sind einige Beispielanwendungen, die Blockly verwenden.",
    "Puzzle.title": "Puzzle",
    "Apps.puzzleSubtitle": "Lernen, wie man die Blockly-Oberfl\u00e4che verwendet.",
    "Maze.maze": "Labyrinth",
    "Apps.mazeSubtitle": "Blockly zum L\u00f6sen eines Labyrinths verwenden.",
    "Turtle.title": "Turtle-Grafiken",
    "Apps.turtleSubtitle": "Blockly zum Zeichnen verwenden.",
    "Apps.graphSubtitle": "Plotfunktionen mit Blockly.",
    "Apps.codeSubtitle": "Ein Blockly-Programm als JavaScript, Python oder XML exportieren.",
    "Plane.plane": "Flugzeugsitzrechner",
    "Apps.planeSubtitle": "Ein mathematisches Problem mit einer oder zwei Variablen l\u00f6sen.",
    "Apps.blockFactory": "Block-Fabrik",
    "Apps.blockfactorySubtitle": "Benutzerdefinierte Bl\u00f6cke mit Blockly bauen.",
    "Maze.moveForward": "vorw\u00e4rts laufen",
    "Maze.turnLeft": "links abbiegen",
    "Maze.turnRight": "rechts abbiegen",
    "Maze.doCode": "ausf\u00fchren",
    "Maze.elseCode": "sonst",
    "Maze.helpIfElse": "Wenn-Sonst-Bausteine f\u00fchren das eine oder das andere aus.",
    "Maze.pathAhead": "wenn Pfad davor ist",
    "Maze.pathLeft": "wenn Pfad nach links ist",
    "Maze.pathRight": "wenn Pfad nach rechts ist",
    "Maze.repeatUntil": "wiederholen bis",
    "Maze.moveForwardTooltip": "Bewegt den Spieler ein Feld vor.",
    "Maze.turnTooltip": "Dreht den Spieler um 90 Grad nach links oder rechts.",
    "Maze.ifTooltip": "Falls es einen Pfad in der angegebenen Richtung gibt, dann einige Aktionen ausf\u00fchren.",
    "Maze.ifelseTooltip": "Falls es einen Pfad in der angegebenen Richtung gibt, dann den ersten Aktionenbaustein ausf\u00fchren, anderenfalls den zweiten.",
    "Maze.whileTooltip": "Die beigef\u00fcgten Aktionen wiederholen, bis das Ziel erreicht wurde.",
    "Maze.capacity0": "Du hast noch %0 Bausteine.",
    "Maze.capacity1": "Du hast noch %1 Baustein.",
    "Maze.capacity2": "Du hast noch %2 Bausteine.",
    "Maze.nextLevel": "Gratulation! In das Level %1 gehen?",
    "Maze.finalLevel": "Gratulation! Du hast das Spiel beendet.",
    "Maze.runTooltip": "Der Spieler macht das, was die Bausteine sagen.",
    "Maze.resetTooltip": "Setzt den Spieler an den Start des Labyrinths zur\u00fcck.",
    "Maze.helpStack": "Verbinde einige 'laufe vorw\u00e4rts' Bl\u00f6cke, um mir zu helfen um das Ziel zu erreichen.",
    "Maze.helpOneTopBlock": "In diesem Level musst du die ganzen Bausteine in dem wei\u00dfen Arbeitsbereich zusammenstapeln.",
    "Maze.helpRun": "F\u00fchre dein Programm aus, um zu sehen, was passiert.",
    "Maze.helpReset": "Dein Programm l\u00f6st das Labyrinth nicht. Dr\u00fccke 'Zur\u00fccksetzen' und versuche es erneut.",
    "Maze.helpRepeat": "Computer haben begrenzten Speicher. Erreiche das Ende dieses Pfads mit nur zwei Bausteinen. Benutze \u201eWiederholen\u201c, um einen Baustein mehr als einmal auszuf\u00fchren.",
    "Maze.helpCapacity": "Du hast f\u00fcr dieses Level alle Bausteine aufgebraucht. Um einen neuen Baustein zu erstellen, musst du zuerst einen vorhandenen Baustein l\u00f6schen.",
    "Maze.helpRepeatMany": "Sie k\u00f6nnen mehrere Bl\u00f6cke innerhalb eines Blocks 'repeat' passen.",
    "Maze.helpSkins": "W\u00e4hle deinen Lieblingsspieler vom Men\u00fc aus.",
    "Maze.helpIf": "Ein \u201eWenn\u201c-Baustein macht etwas, falls die Bedingung wahr ist. Versuche links abzubiegen, falls es einen Pfad nach links gibt.",
    "Maze.helpMenu": "Klicke auf %1 im 'Wenn'-Baustein um die Bedingung zu \u00e4ndern.",
    "Maze.helpWallFollow": "Kannst du dieses komplizierte Labyrinth l\u00f6sen? Folge der linken Wand. Nur f\u00fcr fortgeschrittene Programmierer!",
    "Plane.rows": "Reihen: %1",
    "Plane.getRows": "Reihen (%1)",
    "Plane.rows1": "Reihen der 1. Klasse: %1",
    "Plane.getRows1": "Reihen der 1. Klasse (%1)",
    "Plane.rows2": "Reihen der 2. Klasse: %1",
    "Plane.getRows2": "Reihen der 2. Klasse (%1)",
    "Plane.seats": "Sitze: %1",
    "Plane.placeholder": "?",
    "Plane.setSeats": "Sitze =",
    "Plane.description1": "Ein Flugzeug hat eine Anzahl an Reihen mit Passagiersitzen. Jede Reihe enth\u00e4lt vier Sitze.",
    "Plane.description2": "Ein Flugzeug hat zwei Sitze im Pilotenstand (f\u00fcr den Piloten und Co-Piloten) und eine Anzahl an Reihen mit Passagiersitzen. Jede Reihe enth\u00e4lt vier Sitze.",
    "Plane.description3": "Ein Flugzeug hat zwei Sitze im Pilotenstand (f\u00fcr den Piloten und Co-Piloten) und eine Anzahl an Reihen mit Passagiersitzen der 1. und 2. Klasse. Jede 1.-Klasse-Reihe enth\u00e4lt vier Sitze. Jede 2.-Klasse-Reihe enth\u00e4lt f\u00fcnf Sitze.",
    "Plane.instructions": "Erstelle eine Formel (unten), die die gesamte Anzahl an Sitzen im Flugzeug berechnet, wenn die Reihen (oben) ge\u00e4ndert werden.",
    "Puzzle.country1": "Australien",
    "Puzzle.country1Language": "Englisch",
    "Puzzle.country1City1": "Melbourne",
    "Puzzle.country1City2": "Sydney",
    "Puzzle.country1HelpUrl": "http://de.wikipedia.org/wiki/Australien",
    "Puzzle.country2": "Deutschland",
    "Puzzle.country2Language": "Deutsch",
    "Puzzle.country2City1": "Berlin",
    "Puzzle.country2City2": "M\u00fcnchen",
    "Puzzle.country2HelpUrl": "http://de.wikipedia.org/wiki/Deutschland",
    "Puzzle.country3": "Volksrepublik China",
    "Puzzle.country3Language": "Chinesisch",
    "Puzzle.country3City1": "Peking",
    "Puzzle.country3City2": "Shanghai",
    "Puzzle.country3HelpUrl": "http://de.wikipedia.org/wiki/Volksrepublik_China",
    "Puzzle.country4": "Brasilien",
    "Puzzle.country4Language": "Portugiesisch",
    "Puzzle.country4City1": "Rio de Janeiro",
    "Puzzle.country4City2": "S\u00e3o Paulo",
    "Puzzle.country4HelpUrl": "http://de.wikipedia.org/wiki/Brasilien",
    "Puzzle.flag": "Flagge:",
    "Puzzle.language": "Sprache:",
    "Puzzle.languageChoose": "w\u00e4hle \u2026",
    "Puzzle.cities": "St\u00e4dte:",
    "Puzzle.error0": "Perfekt! Alle %1 Bausteine sind richtig.",
    "Puzzle.error1": "Fast! Ein Baustein ist falsch.",
    "Puzzle.error2": "%1 Bausteine sind falsch.",
    "Puzzle.tryAgain": "Der hervorgehobene Baustein ist falsch. Versuche es noch einmal.",
    "Puzzle.help": "Hilfe",
    "Puzzle.checkAnswers": "Antworten \u00fcberpr\u00fcfen",
    "Puzzle.helpText": "H\u00e4nge f\u00fcr jeden Staat (gr\u00fcn) seine Flagge an, w\u00e4hle seine Sprache aus und mache einen Stapel mit seinen St\u00e4dten.",
    "Turtle.moveTooltip": "Bewegt die Schildkr\u00f6te um den angegebenen Wert vorw\u00e4rts oder r\u00fcckw\u00e4rts.",
    "Turtle.moveForward": "vorw\u00e4rts bewegen um",
    "Turtle.moveBackward": "r\u00fcckw\u00e4rts bewegen um",
    "Turtle.turnTooltip": "Dreht die Schildkr\u00f6te nach links oder rechts um die angegebene Gradanzahl.",
    "Turtle.turnRight": "nach rechts drehen um",
    "Turtle.turnLeft": "nach links drehen um",
    "Turtle.widthTooltip": "\u00c4ndert die Breite des Stiftes.",
    "Turtle.setWidth": "Breite setzen auf",
    "Turtle.colourTooltip": "\u00c4ndert die Farbe des Stiftes.",
    "Turtle.setColour": "\u00e4ndert die Farbe in",
    "Turtle.penTooltip": "Hebt oder senkt den Stift zum Stoppen oder Starten der Zeichnung.",
    "Turtle.penUp": "Stift nach oben",
    "Turtle.penDown": "Stift nach unten",
    "Turtle.turtleVisibilityTooltip": "Macht die Schildkr\u00f6te (Kreis und Pfeil) sichtbar oder unsichtbar.",
    "Turtle.hideTurtle": "Schildkr\u00f6te ausblenden",
    "Turtle.showTurtle": "Schildkr\u00f6te anzeigen",
    "Turtle.printHelpUrl": "http://de.wikipedia.org/wiki/Buchdruck",
    "Turtle.printTooltip": "Zeichnet Text in der Richtung der Schildkr\u00f6te bei ihrem Standort.",
    "Turtle.print": "drucken",
    "Turtle.fontHelpUrl": "http://de.wikipedia.org/wiki/Schriftschnitt",
    "Turtle.fontTooltip": "Legt die Schriftart fest, die vom Druck-Baustein verwendet wird.",
    "Turtle.font": "Schriftart",
    "Turtle.fontSize": "Schriftgr\u00f6\u00dfe",
    "Turtle.fontNormal": "normal",
    "Turtle.fontBold": "fett",
    "Turtle.fontItalic": "kursiv",
    "Turtle.unloadWarning": "Das Verlassen dieser Seite f\u00fchrt zum Verlust deiner Arbeit.",
    "Turtle.runTooltip": "Die Schildkr\u00f6te macht das, was die Bausteine sagen.",
    "Turtle.captureTooltip": "Zeichnung speichern.",
    "Turtle.imgFilename": "zeichnung.png",
    "Turtle.catTurtle": "Schildkr\u00f6te"
}