{
    "@metadata": {
        "authors": [
            "Gorizon",
            "Marmase"
        ]
    },
    "Apps.blocklyMessage": "Blockly",
    "Apps.runProgram": "Programi Akar fi",
    "Apps.resetProgram": "Reset ker\u00ea",
    "Apps.dialogOk": "TEMAM",
    "Apps.dialogCancel": "B\u0131terkne",
    "Apps.catLogic": "Mant\u0131\u011f",
    "Apps.catLoops": "Dingeki",
    "Apps.catMath": "Matematik",
    "Apps.catText": "Metin",
    "Apps.catLists": "Listey",
    "Apps.catColour": "Reng",
    "Apps.catVariables": "V\u0131rneyeni",
    "Apps.catProcedures": "Proseduri",
    "Apps.httpRequestError": "wa\u015ft\u0131\u015fi deyne zew problem esto",
    "Apps.linkAlert": "Blokan na linkera b\u0131hesrne\n\n%1",
    "Apps.listVariable": "liste",
    "Apps.textVariable": "nu\u015fte",
    "Code.title": "Kod",
    "Code.blocks": "Bloki",
    "Code.trashTooltip": "Blokan hem\u0131n \u00e7ek",
    "Graph.title": "Hesab makineya Grafikan",
    "Puzzle.title": "Puzzle",
    "Maze.maze": "Labirent",
    "Turtle.title": "Grafike kesan",
    "Plane.plane": "Teyera",
    "Maze.moveForward": "Ver \u015fo",
    "Maze.turnLeft": "\u015eo \u00e7ep",
    "Maze.turnRight": "\u015eo ra\u015ft",
    "Maze.doCode": "b\u0131k",
    "Maze.elseCode": "\u00e7\u0131niyose",
    "Plane.placeholder": "?",
    "Plane.setSeats": "iskemey =",
    "Puzzle.country1": "Aw\u0131stralya",
    "Puzzle.country1Language": "Ingiliz",
    "Puzzle.country1City1": "Melbourne",
    "Puzzle.country1City2": "Sidney",
    "Puzzle.country1HelpUrl": "http://en.wikipedia.org/wiki/Australia",
    "Puzzle.country2": "Almanya",
    "Puzzle.country2Language": "Alman",
    "Puzzle.country2City1": "Berlin",
    "Puzzle.country2City2": "Munix",
    "Puzzle.country2HelpUrl": "http://en.wikipedia.org/wiki/Germany",
    "Puzzle.country3": "\u00c7in",
    "Puzzle.country3Language": "\u00c7inki",
    "Puzzle.country3City1": "Pekin",
    "Puzzle.country3City2": "\u015eangay",
    "Puzzle.country3HelpUrl": "http://en.wikipedia.org/wiki/China",
    "Puzzle.country4": "Brezilya",
    "Puzzle.country4Language": "Portek\u0131z",
    "Puzzle.country4City1": "Rio de Ceneryo",
    "Puzzle.country4City2": "Sao Paulo",
    "Puzzle.country4HelpUrl": "http://en.wikipedia.org/wiki/Brazil",
    "Puzzle.flag": "desmal",
    "Puzzle.language": "Z\u0131wan:",
    "Puzzle.languageChoose": "we\u00e7ine...",
    "Puzzle.cities": "suki:",
    "Puzzle.help": "Pe\u015fti",
    "Puzzle.checkAnswers": "Netican kontrol ke",
    "Turtle.hideTurtle": "keser b\u0131n\u0131mn",
    "Turtle.showTurtle": "keser b\u0131vin",
    "Turtle.printHelpUrl": "http://en.wikipedia.org/wiki/Printing",
    "Turtle.print": "\u00e7ab ke",
    "Turtle.fontHelpUrl": "http://en.wikipedia.org/wiki/Font",
    "Turtle.font": "font",
    "Turtle.fontSize": "\u00e7apa fonti",
    "Turtle.fontNormal": "normal",
    "Turtle.fontBold": "qal\u0131n",
    "Turtle.fontItalic": "\u0130talik",
    "Turtle.captureTooltip": "\u011fizi qeyd ke",
    "Turtle.imgFilename": "drawing.png",
    "Turtle.catTurtle": "Kesey"
}