{
    "@metadata": {
        "authors": [
            "EDGI",
            "Fitoschido",
            "McDutchie",
            "VegaDark"
        ]
    },
    "Apps.subtitle": "un entorno de programaci\u00f3n visual",
    "Apps.blocklyMessage": "Blockly",
    "Apps.codeTooltip": "Mira el c\u00f3digo JavaScript generado.",
    "Apps.linkTooltip": "Guarda conexi\u00f3n a los bloques.",
    "Apps.runTooltip": "Ejecute el programa definido por los bloques en el \u00e1rea de trabajo.",
    "Apps.runProgram": "Ejecutar el programa",
    "Apps.resetProgram": "Restablecer",
    "Apps.dialogOk": "Aceptar",
    "Apps.dialogCancel": "Cancelar",
    "Apps.catLogic": "L\u00f3gica",
    "Apps.catLoops": "Secuencias",
    "Apps.catMath": "Matem\u00e1ticas",
    "Apps.catText": "Texto",
    "Apps.catLists": "Lista",
    "Apps.catColour": "Color",
    "Apps.catVariables": "Variables",
    "Apps.catProcedures": "Procedimientos",
    "Apps.httpRequestError": "Hubo un problema con la petici\u00f3n.",
    "Apps.linkAlert": "Comparte tus bloques con esta conexi\u00f3n:\n\n%1",
    "Apps.hashError": "\u00ab%1\u00bb no corresponde con ning\u00fan programa guardado.",
    "Apps.xmlError": "No se pudo cargar el archivo guardado.  \u00bfQuiz\u00e1 fue creado con otra versi\u00f3n de Blockly?",
    "Apps.listVariable": "lista",
    "Apps.textVariable": "texto",
    "Code.badXml": "Error de an\u00e1lisis XML:\n%1\n\nSelecciona OK para abandonar tus cambios o Cancelar para seguir editando el XML.",
    "Code.badCode": "Error del programa:\n%1",
    "Code.timeout": "Maximo de iteraciones de ejecuci\u00f3n excedidas.",
    "Code.discard": "\u00bfEliminar todos los bloques 1%?",
    "Code.title": "C\u00f3digo",
    "Code.blocks": "Bloques",
    "Code.trashTooltip": "Descartar todos los bloques.",
    "Graph.title": "Calculadora gr\u00e1fica",
    "Apps.indexTitle": "Apps de Blockly",
    "Apps.indexFooter": "Blockly es gratuito y de c\u00f3digo abierto. Para contribuir con el c\u00f3digo o las traducciones de Blockly, o para utilizar Blockly en tu propia aplicaci\u00f3n, visita %1.",
    "Apps.choiceIntro": "Blockly es un entorno gr\u00e1fico de programaci\u00f3n. A continuaci\u00f3n se presentan algunas aplicaciones de ejemplo que utilizan Blockly.",
    "Puzzle.title": "Puzle",
    "Apps.puzzleSubtitle": "Aprende a usar la interfaz de Blockly.",
    "Maze.maze": "Laberinto",
    "Apps.mazeSubtitle": "Usa Blockly para resolver un laberinto.",
    "Turtle.title": "Tortuga Grafica",
    "Apps.turtleSubtitle": "Usa Blockly para dibujar.",
    "Apps.graphSubtitle": "Grafica funciones con Blockly.",
    "Apps.codeSubtitle": "Exportar un programa Blockly en JavaScript, Python o XML.",
    "Plane.plane": "Calculadora de asiento de avi\u00f3n",
    "Apps.planeSubtitle": "Resuelve un problema de matem\u00e1ticas con una o dos variables.",
    "Apps.blockFactory": "F\u00e1brica de bloques",
    "Apps.blockfactorySubtitle": "Construye bloques personalizados usando Blockly.",
    "Maze.moveForward": "Mover hacia delante",
    "Maze.turnLeft": "gira izquierda",
    "Maze.turnRight": "gira derecha",
    "Maze.doCode": "haz esto",
    "Maze.elseCode": "sino",
    "Maze.helpIfElse": "Las declaraciones 'si-sino' hacen una cosa u otra.",
    "Maze.pathAhead": "si hay camino enfrente",
    "Maze.pathLeft": "si hay camino a la izquierda",
    "Maze.pathRight": "si hay camino a la derecha",
    "Maze.repeatUntil": "repite hasta",
    "Maze.moveForwardTooltip": "Mueve a Pegman un cuadro hacia delante.",
    "Maze.turnTooltip": "Gira a Pegman a izquierda o derecha 90 grados.",
    "Maze.ifTooltip": " Si hay un camino en la direcci\u00f3n especificada, entonces ejecuta unas acciones.",
    "Maze.ifelseTooltip": " Si hay un camino en la direcci\u00f3n especificada, entonces ejecuta las primeras acciones. Sino, haz el segundo conjunto de acciones.",
    "Maze.whileTooltip": "Repite las acciones encapsuladas hasta terminar.",
    "Maze.capacity0": "Te quedan %0 bloques.",
    "Maze.capacity1": "Te queda %1 bloque.",
    "Maze.capacity2": "Te quedan %2 bloques.",
    "Maze.nextLevel": "\u00a1Felicidades! \u00bfEstas listo/a para seguir al siguiente nivel %1?",
    "Maze.finalLevel": "\u00a1Felicidades! Haz resuelto el \u00faltimo nivel.",
    "Maze.runTooltip": "Hacer que el personaje haga lo que dicen los bloques.",
    "Maze.resetTooltip": "Ponga el personaje de nuevo al comienzo del laberinto.",
    "Maze.helpStack": "Une un par de bloques de \u2018avanza\u2019 para ayudarme a llegar a la meta.",
    "Maze.helpOneTopBlock": "En este nivel, necesitas apilar los bloques en el espacio en blanco.",
    "Maze.helpRun": "Ejecuta tu programa para ver qu\u00e9 pasa.",
    "Maze.helpReset": "Tu programa no resolvi\u00f3 el laberinto. Presiona \"reiniciar\" e intenta otra vez.",
    "Maze.helpRepeat": "Las computadoras tienen memoria limitada. Llega al final de este camino usando tan s\u00f3lo dos bloques. Utiliza 'repetir' para ejecutar un bloque m\u00e1s de una vez.",
    "Maze.helpCapacity": "Has usado todos los bloques para este nivel. Para crear un bloque nuevo, primero debes eliminar un bloque existente.",
    "Maze.helpRepeatMany": "Puede encajar m\u00e1s de un bloque dentro de un bloque 'repetir'.",
    "Maze.helpSkins": "Elige a tu jugador favorito en este men\u00fa.",
    "Maze.helpIf": "Una condici\u00f3n 'si' va hacer algo solamente si la condici\u00f3n es verdadera. Intenta girar a la izquierda si hay camino a la izquierda.",
    "Maze.helpMenu": "Haz clic en %1 en el bloque \"if\" para cambiar su condici\u00f3n.",
    "Maze.helpWallFollow": "\u00bfPuedes resolver este complicado laberinto? Intenta seguir la pared de la izquierda.",
    "Plane.rows": "Filas: %1",
    "Plane.getRows": "filas (%1)",
    "Plane.rows1": "Filas de primera clase: %1",
    "Plane.getRows1": "Filas de primera clase: (%1)",
    "Plane.rows2": "Filas de segunda clase: %1",
    "Plane.getRows2": "Filas de segunda clase: (%1)",
    "Plane.seats": "Asientos: %1",
    "Plane.placeholder": "?",
    "Plane.setSeats": "asientos =",
    "Plane.description1": "Un avi\u00f3n\u00a0 tiene un n\u00famero de filas de asientos de pasajeros. Cada fila contiene cuatro asientos.",
    "Plane.description2": "Un avi\u00f3n tiene dos asientos en la cabina de vuelo (para el piloto y co-piloto), y un n\u00famero de filas de asientos de pasajeros. Cada fila contiene cuatro asientos.",
    "Plane.description3": "Un avi\u00f3n tiene dos asientos en la cabina de vuelo (para el piloto y co-piloto), y un n\u00famero de filas de asientos para pasajeros de primera y segunda clase. Cada fila de la primera clase contiene cuatro asientos. Cada fila de la segunda clase contiene cinco asientos.",
    "Plane.instructions": "Construir una f\u00f3rmula (abajo) que calcule el n\u00famero total de asientos en el avi\u00f3n cuando las filas sean cambiadas (arriba).",
    "Puzzle.country1": "Australia",
    "Puzzle.country1Language": "Ingl\u00e9s",
    "Puzzle.country1City1": "Melbourne",
    "Puzzle.country1City2": "S\u00eddney",
    "Puzzle.country1HelpUrl": "http://es.wikipedia.org/wiki/Australia",
    "Puzzle.country2": "Alemania",
    "Puzzle.country2Language": "Alem\u00e1n",
    "Puzzle.country2City1": "Berl\u00edn",
    "Puzzle.country2City2": "M\u00fanich",
    "Puzzle.country2HelpUrl": "http://es.wikipedia.org/wiki/Alemania",
    "Puzzle.country3": "China",
    "Puzzle.country3Language": "Chino",
    "Puzzle.country3City1": "Pek\u00edn",
    "Puzzle.country3City2": "Shangh\u00e1i",
    "Puzzle.country3HelpUrl": "http://es.wikipedia.org/wiki/China",
    "Puzzle.country4": "Brasil",
    "Puzzle.country4Language": "Portugu\u00e9s",
    "Puzzle.country4City1": "R\u00edo de Janeiro",
    "Puzzle.country4City2": "S\u00e3o Paulo",
    "Puzzle.country4HelpUrl": "http://es.wikipedia.org/wiki/Brasil",
    "Puzzle.flag": "bandera:",
    "Puzzle.language": "idioma:",
    "Puzzle.languageChoose": "elegir...",
    "Puzzle.cities": "ciudades:",
    "Puzzle.error0": "\u00a1Perfecto!\nLos %1 bloques est\u00e1n bien colocados.",
    "Puzzle.error1": "\u00a1Casi! Un bloque est\u00e1 mal colocado.",
    "Puzzle.error2": "%1 bloques est\u00e1n mal colocados.",
    "Puzzle.tryAgain": "El bloque destacado est\u00e1 mal colocado.\nSigue intent\u00e1ndolo.",
    "Puzzle.help": "Ayuda",
    "Puzzle.checkAnswers": "Comprobar las respuestas",
    "Puzzle.helpText": "Para cada pa\u00eds (verde), asocia su bandera, elige su idioma y agrupa sus ciudades.",
    "Turtle.moveTooltip": "Mueve la tortuga hacia adelante o hacia atr\u00e1s en la cantidad especificada.",
    "Turtle.moveForward": "avanzar",
    "Turtle.moveBackward": "devolverse",
    "Turtle.turnTooltip": "Voltea la tortuga hacia la izquierda o la derecha por el n\u00famero especificado de grados.",
    "Turtle.turnRight": "girar a la derecha por",
    "Turtle.turnLeft": "girar a la izquierda por",
    "Turtle.widthTooltip": "Cambia el ancho del bol\u00edgrafo.",
    "Turtle.setWidth": "establecer el ancho de",
    "Turtle.colourTooltip": "Cambia el ancho del bol\u00edgrafo.",
    "Turtle.setColour": "establecer el color a",
    "Turtle.penTooltip": "Levanta o baja el bol\u00edgrafo para detener o empezar a dibujar.",
    "Turtle.penUp": "levante el bol\u00edgrafo",
    "Turtle.penDown": "baje el bol\u00edgrafo",
    "Turtle.turtleVisibilityTooltip": "Hace a la tortuga (c\u00edrculo y flecha) visible o invisible.",
    "Turtle.hideTurtle": "ocultar la tortuga",
    "Turtle.showTurtle": "mostrar la tortuga",
    "Turtle.printHelpUrl": "http://en.wikipedia.org/wiki/Printing",
    "Turtle.printTooltip": "Dibuja texto en la direcci\u00f3n de la tortuga en su ubicaci\u00f3n.",
    "Turtle.print": "imprimir",
    "Turtle.fontHelpUrl": "http://en.wikipedia.org/wiki/Font",
    "Turtle.fontTooltip": "Define el tipo de letra utilizado por el bloque de impresi\u00f3n.",
    "Turtle.font": "Tipo de letra",
    "Turtle.fontSize": "tama\u00f1o de letra",
    "Turtle.fontNormal": "normal",
    "Turtle.fontBold": "bold",
    "Turtle.fontItalic": "italic",
    "Turtle.unloadWarning": "Salir de esta p\u00e1gina dar\u00e1 como resultado la p\u00e9rdida de su trabajo.",
    "Turtle.runTooltip": "Hace que la haga lo que dicen los bloques.",
    "Turtle.captureTooltip": "Guardar el dibujo.",
    "Turtle.imgFilename": "dibujo.png",
    "Turtle.catTurtle": "Tortuga"
}