{
	"Puzzle.tryAgain": "Korostettu lohko ei ole oikein.\nYritä uudelleen.",
	"Puzzle.country3City2": "Shanghai",
	"Puzzle.country3HelpUrl": "http://fi.wikipedia.org/wiki/Kiina",
	"Puzzle.country3Language": "kiina",
	"Puzzle.checkAnswers": "Tarkista vastaukset",
	"Puzzle.language": "kieli:",
	"Apps.dialogOk": "OK",
	"Puzzle.title": "Palapeli",
	"Puzzle.country1HelpUrl": "http://fi.wikipedia.org/wiki/Australia",
	"Puzzle.languageChoose": "valitse...",
	"Puzzle.country4City2": "São Paulo",
	"Puzzle.country4City1": "Rio de Janeiro",
	"Puzzle.country4Language": "portugali",
	"Puzzle.helpText": "Kullekin maalle (vihreä), liitä oikea lippu, valitse kieli ja tee pino kaupungeista.",
	"Puzzle.flag": "lippu:",
	"Puzzle.country4HelpUrl": "http://fi.wikipedia.org/wiki/Brasilia",
	"Puzzle.error1": "Lähes oikein! Vain yksi lohko on väärin.",
	"Puzzle.country3City1": "Beijing",
	"Puzzle.country1City1": "Melbourne",
	"Puzzle.country1City2": "Sydney",
	"Puzzle.country2Language": "saksa",
	"Puzzle.country3": "Kiina",
	"Puzzle.country2": "Saksa",
	"Puzzle.country1": "Australia",
	"Puzzle.country2HelpUrl": "http://fi.wikipedia.org/wiki/Saksa",
	"Puzzle.error0": "Hienoa!\nKaikki %1 lohkoa ovat oikein.",
	"Puzzle.country4": "Brasilia",
	"Puzzle.error2": "%1 lohkoa ovat virheellisiä.",
	"Puzzle.help": "Ohje",
	"Puzzle.country1Language": "englanti",
	"Puzzle.country2City1": "Berliini",
	"Puzzle.cities": "kaupungit:",
	"Puzzle.country2City2": "München"
}
