{
	"Puzzle.tryAgain": "Di kääntiakent baustian as ferkiard. Ferschük det noch ans.",
	"Puzzle.country3City2": "Schanghai",
	"Puzzle.country3HelpUrl": "http://frr.wikipedia.org/wiki/Sjiina",
	"Puzzle.country3Language": "Sjineesk",
	"Puzzle.checkAnswers": "Oonswaaren efterluke",
	"Puzzle.language": "Spriak:",
	"Apps.dialogOk": "OK",
	"Puzzle.title": "Puzzle",
	"Puzzle.country1HelpUrl": "http://frr.wikipedia.org/wiki/Austraalien",
	"Puzzle.languageChoose": "Schük ütj ...",
	"Puzzle.country4City2": "São Paulo",
	"Puzzle.country4City1": "Rio de Janeiro",
	"Puzzle.country4Language": "Portugiisk",
	"Puzzle.helpText": "Hinge för arke lun (green) sin flag bi, schük det spriak ütj an maage en staapel mä stääden.",
	"Puzzle.flag": "Flag",
	"Puzzle.country4HelpUrl": "http://frr.wikipedia.org/wiki/Brasiilien",
	"Puzzle.error1": "Binai! Ian baustian as ferkiard.",
	"Puzzle.country3City1": "Peking",
	"Puzzle.country1City1": "Melbourne",
	"Puzzle.country1City2": "Sydney",
	"Puzzle.country2Language": "Sjiisk",
	"Puzzle.country3": "Sjiina",
	"Puzzle.country2": "Sjiisklun",
	"Puzzle.country1": "Austraalien",
	"Puzzle.country2HelpUrl": "http://frr.wikipedia.org/wiki/Sjiisklun",
	"Puzzle.error0": "Klaar! Aal a %1 baustianer san rocht.",
	"Puzzle.country4": "Brasiilien",
	"Puzzle.error2": "%1 baustianer san ferkiard.",
	"Puzzle.help": "Halep",
	"Puzzle.country1Language": "Ingelsk",
	"Puzzle.country2City1": "Berlin",
	"Puzzle.cities": "Stääden:",
	"Puzzle.country2City2": "München"
}
