{
    "@metadata": {
        "authors": [
            "P. S. F. Freitas"
        ]
    },
    "Apps.subtitle": "pete\u0129 techa myatyr\u00f5 hekoha",
    "Apps.blocklyMessage": "Blockly",
    "Apps.codeTooltip": "Ehecha JavaScript mba'e apopyre.",
    "Apps.linkTooltip": "O\u00f1ongatu ha ombojoaju voreku\u00e9ra.",
    "Apps.runTooltip": "Pejapo pe jejapor\u00e3 voreku\u00e9ra ohechauka akue tembiapo rend\u00e1pe.",
    "Apps.runProgram": "Pejapo pe Jejapor\u00e3",
    "Apps.resetProgram": "\u00d1epyr\u0169 jey",
    "Apps.catLogic": "Kuaarape",
    "Apps.catLoops": "Tapykuegua",
    "Apps.catMath": "Papapykuaa",
    "Apps.catText": "Jehaipy",
    "Apps.catLists": "Tys\u00fdi",
    "Apps.catColour": "Sa'y",
    "Apps.catVariables": "\u00d1emoambu\u00e9va",
    "Apps.catProcedures": "Aporeko",
    "Apps.httpRequestError": "Pete\u0129 tekojepe'y ohechauka.",
    "Apps.linkAlert": "Temboja'o nde voreku\u00e9ra ko joaju ndie:\n\n%1",
    "Apps.listVariable": "tys\u00fdi",
    "Apps.textVariable": "jehaipy",
    "Turtle.title": "Karumbe Ha'angava",
    "Maze.doCode": "pejapo",
    "Maze.elseCode": "t\u00e9r\u00e3",
    "Plane.placeholder": "?",
    "Puzzle.country1Language": "Ingyaterra\u00f1e'\u1ebd",
    "Puzzle.country1City1": "Melbourne",
    "Puzzle.country1City2": "Sydney",
    "Puzzle.country1HelpUrl": "http://gn.wikipedia.org/wiki/Auteralia",
    "Puzzle.country2": "Alema\u00f1a",
    "Puzzle.country2Language": "Alema\u00f1a\u00f1e'\u1ebd",
    "Puzzle.country2City1": "Berlin",
    "Puzzle.country2City2": "M\u00fanich",
    "Puzzle.country2HelpUrl": "http://gn.wikipedia.org/wiki/Alema\u00f1a",
    "Puzzle.country3": "China",
    "Puzzle.country3Language": "China\u00f1e'\u1ebd",
    "Puzzle.country3City1": "Mbejingo",
    "Puzzle.country3City2": "Chang\u00e1i",
    "Puzzle.country3HelpUrl": "http://gn.wikipedia.org/wiki/China",
    "Puzzle.country4": "Pindorama",
    "Puzzle.country4Language": "Poytuga\u00f1e'\u1ebd",
    "Puzzle.country4City1": "Rio de Janeiro",
    "Puzzle.country4City2": "S\u00e3o Paulo",
    "Puzzle.country4HelpUrl": "http://gn.wikipedia.org/wiki/Brasil",
    "Puzzle.flag": "poyvi:",
    "Puzzle.language": "\u00f1e'\u1ebd:",
    "Puzzle.languageChoose": "jeporavo...",
    "Puzzle.cities": "t\u00e1va:",
    "Puzzle.error0": "Ipor\u00e3ite!\nOpa %1 voreku\u00e9ra o\u0129 por\u00e3.",
    "Puzzle.error1": "Haimete por\u00e3! Pete\u0129 vore o\u0129 vai.",
    "Puzzle.error2": "%1 voreku\u00e9ra o\u0129 vai.",
    "Turtle.penUp": "ejupi haiha",
    "Turtle.penDown": "eguejy haiha",
    "Turtle.printHelpUrl": "http://en.wikipedia.org/wiki/Printing",
    "Turtle.fontHelpUrl": "http://en.wikipedia.org/wiki/Font",
    "Turtle.font": "tai ysaja",
    "Turtle.fontSize": "tai tuichakue",
    "Turtle.fontNormal": "tai tee",
    "Turtle.fontBold": "bold",
    "Turtle.fontItalic": "italic",
    "Turtle.unloadWarning": "Res\u1ebdvo nde reka\u00f1yta opa nde rembiapo.",
    "Turtle.runTooltip": "Ejapouka karumbe vore he'iva.",
    "Turtle.captureTooltip": "\u00d1ongatu ta'anga.",
    "Turtle.imgFilename": "ta'anga.png",
    "Turtle.catTurtle": "Karumbe"
}