{
	"Puzzle.tryAgain": "加光个格仔毋著。\n繼續努力。",
	"Puzzle.country3City2": "上海",
	"Puzzle.country3HelpUrl": "http://en.wikipedia.org/wiki/China",
	"Puzzle.country3Language": "中文",
	"Puzzle.checkAnswers": "核對答案",
	"Puzzle.language": "語言",
	"Apps.dialogOk": "確定",
	"Puzzle.title": "迷局",
	"Puzzle.country1HelpUrl": "http://en.wikipedia.org/wiki/Australia",
	"Puzzle.languageChoose": "選擇",
	"Puzzle.country4City2": "聖保羅",
	"Puzzle.country4City1": "里約熱内盧",
	"Puzzle.country4Language": "葡萄牙語",
	"Puzzle.helpText": "每隻國家（青色），選擇其對應个旗幟，語言，與城市。",
	"Puzzle.flag": "旗幟",
	"Puzzle.country4HelpUrl": "http://en.wikipedia.org/wiki/Brazil",
	"Puzzle.error1": "差滴！有 1 格毋著。",
	"Puzzle.country3City1": "北京",
	"Puzzle.country1City1": "墨爾本",
	"Puzzle.country1City2": "悉尼",
	"Puzzle.country2Language": "德語",
	"Puzzle.country3": "中國",
	"Puzzle.country2": "德國",
	"Puzzle.country1": "澳大利亞",
	"Puzzle.country2HelpUrl": "http://en.wikipedia.org/wiki/Germany",
	"Puzzle.error0": "讚！\n%1 格仔全部正確。",
	"Puzzle.country4": "巴西",
	"Puzzle.error2": "%1 格毋著。",
	"Puzzle.help": "幫助",
	"Puzzle.country1Language": "英語",
	"Puzzle.country2City1": "柏林",
	"Puzzle.cities": "城市",
	"Puzzle.country2City2": "慕尼黑"
}
