{
    "@metadata": {
        "authors": [
            "Orsa",
            "YaronSh"
        ]
    },
    "Apps.subtitle": "\u05e1\u05d1\u05d9\u05d1\u05ea \u05ea\u05d9\u05db\u05e0\u05d5\u05ea \u05d7\u05d6\u05d5\u05ea\u05d9",
    "Apps.blocklyMessage": "Blockly",
    "Apps.codeTooltip": "\u05d4\u05e6\u05d2\u05ea \u05e7\u05d5\u05d3 \u05d4\u05beJavaScript \u05e9\u05e0\u05d5\u05e6\u05e8.",
    "Apps.linkTooltip": "\u05e9\u05de\u05d9\u05e8\u05d4 \u05d5\u05e7\u05d9\u05e9\u05d5\u05e8 \u05dc\u05d1\u05dc\u05d5\u05e7\u05d9\u05dd.",
    "Apps.runTooltip": "\u05d4\u05e8\u05e6\u05ea \u05d4\u05ea\u05db\u05e0\u05d9\u05ea \u05e9\u05d4\u05d5\u05d2\u05d3\u05e8\u05d4 \u05e2\u05dc \u05d9\u05d3\u05d9 \u05d4\u05d1\u05dc\u05d5\u05e7\u05d9\u05dd \u05e9\u05d1\u05de\u05e8\u05d7\u05d1 \u05d4\u05e2\u05d1\u05d5\u05d3\u05d4.",
    "Apps.runProgram": "\u05d4\u05e8\u05e6\u05ea \u05ea\u05db\u05e0\u05d9\u05ea",
    "Apps.resetProgram": "\u05d0\u05d9\u05e4\u05d5\u05e1",
    "Apps.dialogOk": "\u05d0\u05d9\u05e9\u05d5\u05e8",
    "Apps.dialogCancel": "\u05d1\u05d9\u05d8\u05d5\u05dc",
    "Apps.catLogic": "\u05dc\u05d5\u05d2\u05d9\u05e7\u05d4",
    "Apps.catLoops": "\u05dc\u05d5\u05dc\u05d0\u05d5\u05ea",
    "Apps.catMath": "\u05de\u05ea\u05de\u05d8\u05d9\u05e7\u05d4",
    "Apps.catText": "\u05d8\u05e7\u05e1\u05d8",
    "Apps.catLists": "\u05e8\u05e9\u05d9\u05de\u05d5\u05ea",
    "Apps.catColour": "\u05e6\u05d1\u05e2",
    "Apps.catVariables": "\u05de\u05e9\u05ea\u05e0\u05d9\u05dd",
    "Apps.catProcedures": "\u05e4\u05e8\u05d5\u05e6\u05d3\u05d5\u05e8\u05d5\u05ea",
    "Apps.httpRequestError": "\u05d4\u05d1\u05e7\u05e9\u05d4 \u05e0\u05db\u05e9\u05dc\u05d4.",
    "Apps.linkAlert": "\u05e0\u05d9\u05ea\u05df \u05dc\u05e9\u05ea\u05e3 \u05d0\u05ea \u05d4\u05d1\u05dc\u05d5\u05e7\u05d9\u05dd \u05e9\u05dc\u05da \u05d1\u05d0\u05de\u05e6\u05e2\u05d5\u05ea \u05e7\u05d9\u05e9\u05d5\u05e8 \u05d6\u05d4:\n\n%1",
    "Apps.listVariable": "\u05e8\u05e9\u05d9\u05de\u05d4",
    "Apps.textVariable": "\u05d8\u05e7\u05e1\u05d8",
    "Code.badCode": "\u05e9\u05d2\u05d9\u05d0\u05d4 \u05d1\u05ea\u05db\u05e0\u05d9\u05ea: %1",
    "Code.discard": "\u05d4\u05d0\u05dd \u05dc\u05de\u05d7\u05d5\u05e7 \u05d0\u05ea \u05db\u05dc %1 \u05d4\u05d1\u05dc\u05d5\u05e7\u05d9\u05dd?",
    "Code.title": "\u05e7\u05d5\u05d3",
    "Code.trashTooltip": "\u05d4\u05ea\u05e2\u05dc\u05de\u05d5\u05ea \u05de\u05db\u05dc \u05d4\u05d1\u05dc\u05d5\u05e7\u05d9\u05dd.",
    "Puzzle.title": "\u05e4\u05d0\u05d6\u05dc",
    "Maze.maze": "\u05de\u05d1\u05d5\u05da",
    "Plane.rows": "\u05e9\u05d5\u05e8\u05d5\u05ea: %1",
    "Puzzle.country1": "\u05d0\u05d5\u05e1\u05d8\u05e8\u05dc\u05d9\u05d4",
    "Puzzle.country1Language": "\u05d0\u05e0\u05d2\u05dc\u05d9\u05ea",
    "Puzzle.country1City1": "\u05de\u05dc\u05d1\u05d5\u05e8\u05df",
    "Puzzle.country1City2": "\u05e1\u05d9\u05d3\u05e0\u05d9",
    "Puzzle.country1HelpUrl": "https://he.wikipedia.org/wiki/\u05d0\u05d5\u05e1\u05d8\u05e8\u05dc\u05d9\u05d4",
    "Puzzle.country2": "\u05d2\u05e8\u05de\u05e0\u05d9\u05d4",
    "Puzzle.country2Language": "\u05d2\u05e8\u05de\u05e0\u05d9\u05ea",
    "Puzzle.country2City1": "\u05d1\u05e8\u05dc\u05d9\u05df",
    "Puzzle.country2City2": "\u05de\u05d9\u05e0\u05db\u05df",
    "Puzzle.country2HelpUrl": "https://he.wikipedia.org/wiki/\u05d2\u05e8\u05de\u05e0\u05d9\u05d4",
    "Puzzle.country3": "\u05e1\u05d9\u05df",
    "Puzzle.country3Language": "\u05e1\u05d9\u05e0\u05d9\u05ea",
    "Puzzle.country3City1": "\u05d1\u05d9\u05d9\u05d2\u05f3\u05d9\u05e0\u05d2",
    "Puzzle.country3City2": "\u05e9\u05d0\u05e0\u05d2\u05d7\u05d0\u05d9",
    "Puzzle.country3HelpUrl": "https://he.wikipedia.org/wiki/\u05d4\u05e8\u05e4\u05d5\u05d1\u05dc\u05d9\u05e7\u05d4_\u05d4\u05e2\u05de\u05de\u05d9\u05ea_\u05e9\u05dc_\u05e1\u05d9\u05df",
    "Puzzle.country4": "\u05d1\u05e8\u05d6\u05d9\u05dc",
    "Puzzle.country4Language": "\u05e4\u05d5\u05e8\u05d8\u05d5\u05d2\u05dc\u05d9\u05ea",
    "Puzzle.country4City1": "\u05e8\u05d9\u05d5 \u05d3\u05d4 \u05d6'\u05e0\u05d9\u05d9\u05e8\u05d5",
    "Puzzle.country4City2": "\u05e1\u05d0\u05d5 \u05e4\u05d0\u05d5\u05dc\u05d5",
    "Puzzle.country4HelpUrl": "https://he.wikipedia.org/wiki/\u05d1\u05e8\u05d6\u05d9\u05dc",
    "Puzzle.flag": "\u05d3\u05d2\u05dc:",
    "Puzzle.language": "\u05e9\u05e4\u05d4:",
    "Puzzle.languageChoose": "\u05d1\u05d7\u05d9\u05e8\u05d4\u2026",
    "Puzzle.cities": "\u05e2\u05e8\u05d9\u05dd:",
    "Puzzle.error0": "\u05de\u05d5\u05e9\u05dc\u05dd!\n\u05db\u05dc %1 \u05d4\u05d1\u05dc\u05d5\u05e7\u05d9\u05dd \u05e0\u05db\u05d5\u05e0\u05d9\u05dd.",
    "Puzzle.error1": "\u05db\u05de\u05e2\u05d8! \u05d1\u05dc\u05d5\u05e7 \u05d0\u05d7\u05d3 \u05dc\u05d0 \u05e0\u05db\u05d5\u05df.",
    "Puzzle.error2": "%1 \u05d1\u05dc\u05d5\u05e7\u05d9\u05dd \u05d0\u05d9\u05e0\u05dd \u05e0\u05db\u05d5\u05e0\u05d9\u05dd.",
    "Puzzle.tryAgain": "\u05d4\u05d1\u05dc\u05d5\u05e7 \u05d4\u05de\u05d5\u05d3\u05d2\u05e9 \u05d0\u05d9\u05e0\u05d5 \u05e0\u05db\u05d5\u05df.\n\u05e0\u05e1\u05d5 \u05e9\u05d5\u05d1.",
    "Puzzle.help": "\u05e2\u05d6\u05e8\u05d4",
    "Puzzle.checkAnswers": "\u05d1\u05d3\u05d9\u05e7\u05ea \u05d4\u05ea\u05e9\u05d5\u05d1\u05d5\u05ea",
    "Puzzle.helpText": "\u05d1\u05e9\u05d1\u05d9\u05dc \u05db\u05dc \u05de\u05d3\u05d9\u05e0\u05d4 (\u05d1\u05d9\u05e8\u05d5\u05e7), \u05e6\u05e8\u05e4\u05d5 \u05d0\u05ea \u05d4\u05d3\u05d2\u05dc, \u05d1\u05d7\u05e8\u05d5 \u05d0\u05ea \u05d4\u05e9\u05e4\u05d4, \u05d5\u05e2\u05e9\u05d5 \u05e2\u05e8\u05d9\u05de\u05d4 \u05e9\u05dc \u05d4\u05e2\u05e8\u05d9\u05dd \u05e9\u05dc\u05d4.",
    "Turtle.widthTooltip": "\u05e9\u05d9\u05e0\u05d5\u05d9 \u05d4\u05e8\u05d5\u05d7\u05d1 \u05e9\u05dc \u05d4\u05e2\u05d8.",
    "Turtle.hideTurtle": "\u05d4\u05e1\u05ea\u05e8\u05ea \u05d4\u05e6\u05d1",
    "Turtle.showTurtle": "\u05d4\u05e6\u05d2\u05ea \u05d4\u05e6\u05d1",
    "Turtle.font": "\u05d2\u05d5\u05e4\u05df",
    "Turtle.fontSize": "\u05d2\u05d5\u05d3\u05dc \u05d4\u05d2\u05d5\u05e4\u05df",
    "Turtle.fontNormal": "\u05e8\u05d2\u05d9\u05dc",
    "Turtle.fontBold": "\u05de\u05d5\u05d3\u05d2\u05e9",
    "Turtle.fontItalic": "\u05e0\u05d8\u05d5\u05d9",
    "Turtle.captureTooltip": "\u05dc\u05e9\u05de\u05d5\u05e8 \u05d0\u05ea \u05d4\u05e6\u05d9\u05d5\u05e8.",
    "Turtle.catTurtle": "\u05e6\u05d1"
}