{
    "@metadata": {
        "authors": [
            "Hym411",
            "\uc544\ub77c"
        ]
    },
    "Apps.subtitle": "\uc2dc\uac01 \ud504\ub85c\uadf8\ub798\ubc0d \ud658\uacbd",
    "Apps.blocklyMessage": "\ube14\ub85d\ub9ac",
    "Apps.codeTooltip": "\uc0dd\uc131\ub41c \uc790\ubc14\uc2a4\ud06c\ub9bd\ud2b8 \ucf54\ub4dc\ub97c \ubd05\ub2c8\ub2e4.",
    "Apps.linkTooltip": "\ube14\ub85d\uc744 \uc800\uc7a5\ud558\uace0 \ub9c1\ud06c\ub97c \uac00\uc838\uc635\ub2c8\ub2e4.",
    "Apps.runTooltip": "\uc791\uc5c5 \uacf5\uac04\uc5d0\uc11c \ube14\ub85d\uc73c\ub85c \uc815\uc758\ub41c \ud504\ub85c\uadf8\ub7a8\uc744 \uc2e4\ud589\ud569\ub2c8\ub2e4.",
    "Apps.runProgram": "\ud504\ub85c\uadf8\ub7a8 \uc2e4\ud589",
    "Apps.resetProgram": "\uc7ac\uc124\uc815",
    "Apps.dialogOk": "\ud655\uc778",
    "Apps.dialogCancel": "\ucde8\uc18c",
    "Apps.catLogic": "\ub17c\ub9ac",
    "Apps.catLoops": "\ubc18\ubcf5",
    "Apps.catMath": "\uc218\ud559",
    "Apps.catText": "\ud14d\uc2a4\ud2b8",
    "Apps.catLists": "\ubaa9\ub85d",
    "Apps.catColour": "\uc0c9",
    "Apps.catVariables": "\ubcc0\uc218",
    "Apps.catProcedures": "\uc808\ucc28",
    "Apps.httpRequestError": "\uc694\uccad\uc5d0 \ubb38\uc81c\uac00 \uc788\uc2b5\ub2c8\ub2e4.",
    "Apps.linkAlert": "\ub2e4\uc74c \ub9c1\ud06c\ub85c \ube14\ub85d\uc744 \uacf5\uc720\ud558\uc138\uc694:\n\n%1",
    "Apps.hashError": "\uc8c4\uc1a1\ud558\uc9c0\ub9cc '%1'\uc740 \uc5b4\ub5a4 \uc800\uc7a5\ub41c \ud504\ub85c\uadf8\ub7a8\uc73c\ub85c \uc77c\uce58\ud558\uc9c0 \uc54a\uc2b5\ub2c8\ub2e4.",
    "Apps.xmlError": "\uc800\uc7a5\ub41c \ud30c\uc77c\uc744 \ubd88\ub7ec\uc62c \uc218 \uc5c6\uc2b5\ub2c8\ub2e4. \ud639\uc2dc \ube14\ub85d\ub9ac\uc758 \ub2e4\ub978 \ubc84\uc804\uc73c\ub85c \ub9cc\ub4e4\uc5c8\uc2b5\ub2c8\uae4c?",
    "Apps.listVariable": "\ubaa9\ub85d",
    "Apps.textVariable": "\ud14d\uc2a4\ud2b8",
    "Code.badXml": "XML \uad6c\ubb38 \ubd84\uc11d \uc624\ub958:\n%1\n\n\ubc14\ub01c\uc744 \ud3ec\uae30\ud558\ub824\uba74 '\ud655\uc778'\uc744 \uc120\ud0dd\ud558\uace0 XML\uc744 \ub354 \ud3b8\uc9d1\ud558\ub824\uba74 '\ucde8\uc18c'\ub97c \uc120\ud0dd\ud558\uc138\uc694.",
    "Code.badCode": "\ud504\ub85c\uadf8\ub7a8 \uc624\ub958:\n%1",
    "Code.timeout": "\ucd5c\ub300 \uc2e4\ud589 \ubc18\ubcf5\uc744 \ucd08\uacfc\ud588\uc2b5\ub2c8\ub2e4.",
    "Code.discard": "\ubaa8\ub4e0 \ube14\ub85d %1\uac1c\ub97c \uc0ad\uc81c\ud558\uaca0\uc2b5\ub2c8\uae4c?",
    "Code.title": "\ucf54\ub4dc",
    "Code.blocks": "\ube14\ub85d",
    "Code.trashTooltip": "\ubaa8\ub4e0 \ube14\ub85d\uc744 \ubc84\ub9bd\ub2c8\ub2e4.",
    "Graph.title": "\uadf8\ub798\ud504 \uacc4\uc0b0\uae30",
    "Puzzle.title": "\ud37c\uc990",
    "Maze.maze": "\ubbf8\ub85c",
    "Turtle.title": "\ud130\ud2c0 \uadf8\ub798\ud53d",
    "Plane.plane": "\ube44\ud589\uae30",
    "Maze.moveForward": "\uc55e\uc73c\ub85c \uac00\uae30",
    "Maze.turnLeft": "\uc67c\ucabd\uc73c\ub85c \ub3cc\uae30",
    "Maze.turnRight": "\uc624\ub978\ucabd\uc73c\ub85c \ub3cc\uae30",
    "Maze.doCode": "\ud558\uae30",
    "Maze.elseCode": "\uadf8\ub807\uc9c0 \uc54a\uc73c\uba74",
    "Maze.helpIfElse": "\ub9cc\uc57d-\uadf8\ub807\uc9c0 \uc54a\uc73c\uba74 \ube14\ub85d\uc740 \ud55c \uac00\uc9c0 \ub610\ub294 \ub2e4\ub978 \ud589\ub3d9\uc744 \ud569\ub2c8\ub2e4.",
    "Maze.pathAhead": "\ub9cc\uc57d \uc55e\uc73c\ub85c \uac00\uba74",
    "Maze.pathLeft": "\ub9cc\uc57d \uc67c\ucabd\uc73c\ub85c \uac00\uba74",
    "Maze.pathRight": "\ub9cc\uc57d \uc624\ub978\ucabd\uc73c\ub85c \uac00\uba74",
    "Maze.repeatUntil": "\ub2e4\uc74c\uae4c\uc9c0 \ubc18\ubcf5",
    "Maze.moveForwardTooltip": "\ud50c\ub808\uc774\uc5b4\uac00 \ud55c \uce78 \uc55e\uc73c\ub85c \uc774\ub3d9\ud569\ub2c8\ub2e4.",
    "Maze.turnTooltip": "\ud50c\ub808\uc774\uc5b4\uac00 90\ub3c4\ub85c \uc67c\ucabd\uc774\ub098 \uc624\ub978\ucabd\uc73c\ub85c \ub3d5\ub2c8\ub2e4.",
    "Maze.ifTooltip": "\ub9cc\uc57d \uc9c0\uc815\ub41c \ubc29\ud5a5\uc73c\ub85c \ud558\uace0 \uc788\uc73c\uba74, \uba87 \uac00\uc9c0 \ud589\ub3d9\uc744 \ud569\ub2c8\ub2e4.",
    "Maze.ifelseTooltip": "\ub9cc\uc57d \uc9c0\uc815\ub41c \ubc29\ud5a5\uc73c\ub85c \ud558\uace0 \uc788\uc73c\uba74, \uccab \ubc88\uc9f8 \ube14\ub85d\uc744 \ud589\ub3d9\uc744 \ud569\ub2c8\ub2e4. \uadf8\ub807\uc9c0 \uc54a\uc73c\uba74, \ub450 \ubc88\uc9f8 \ube14\ub85d\uc744 \ud589\ub3d9\uc744 \ud569\ub2c8\ub2e4.",
    "Maze.whileTooltip": "\ub3c4\ucc29\uc810\uc5d0 \ub3c4\ub2ec\ud560 \ub54c\uae4c\uc9c0 \ub0b4\ubd80 \ud589\ub3d9\uc744 \ubc18\ubcf5\ud569\ub2c8\ub2e4.",
    "Maze.capacity0": "\ub098\uba38\uc9c0 \ube14\ub85d %0\uac1c\uac00 \uc788\uc2b5\ub2c8\ub2e4.",
    "Maze.capacity1": "\ub098\uba38\uc9c0 \ube14\ub85d %1\uac1c\uac00 \uc788\uc2b5\ub2c8\ub2e4.",
    "Maze.capacity2": "\ub098\uba38\uc9c0 \ube14\ub85d %2\uac1c\uac00 \uc788\uc2b5\ub2c8\ub2e4.",
    "Maze.nextLevel": "\ucd95\ud558\ud569\ub2c8\ub2e4! %1\ub2e8\uacc4\ub97c \uc9c4\ud589\ud560 \uc900\ube44\uac00 \ub418\uc5c8\uc2b5\ub2c8\uae4c?",
    "Maze.finalLevel": "\ucd95\ud558\ud569\ub2c8\ub2e4! \ucd5c\uc885 \ub2e8\uacc4\ub97c \ud574\uacb0\ud588\uc2b5\ub2c8\ub2e4.",
    "Maze.runTooltip": "\ube14\ub85d\uc774 \ub9d0\ud558\ub294 \ud589\ub3d9\uc744 \ud50c\ub808\uc774\uc5b4\uac00 \ud569\ub2c8\ub2e4.",
    "Maze.resetTooltip": "\ubbf8\ub85c\uc758 \uc2dc\uc791\uc5d0\uc11c \ud50c\ub808\uc774\uc5b4\ub97c \ub2e4\uc2dc \ub123\uc2b5\ub2c8\ub2e4.",
    "Maze.helpStack": "\ubaa9\ud45c\uc5d0 \ub3c4\ub2ec\ud560 \uc218 \uc788\ub3c4\ub85d \ud568\uaed8 '\uc55e\uc73c\ub85c \uac00\uae30' \ube14\ub85d\uc744 \uc138\ub85c\ub85c \uc313\uc73c\uc138\uc694.",
    "Maze.helpOneTopBlock": "\uc774 \ub2e8\uacc4\uc5d0\uc11c, \ud558\uc580 \uc791\uc5c5 \uacf5\uac04\uc5d0\uc11c \ubaa8\ub4e0 \ube14\ub85d\uc744 \ud568\uaed8 \uc313\uc744 \ud544\uc694\uac00 \uc788\uc2b5\ub2c8\ub2e4.",
    "Maze.helpRun": "\uc5b4\ub5bb\uac8c \ub418\ub294\uc9c0 \ubcf4\ub824\uba74 \ud504\ub85c\uadf8\ub7a8\uc744 \uc2e4\ud589\ud558\uc138\uc694.",
    "Maze.helpReset": "\ub2f9\uc2e0\uc758 \ud504\ub85c\uadf8\ub7a8\uc740 \ubbf8\ub85c\ub97c \ud480 \uc218 \uc5c6\uc2b5\ub2c8\ub2e4. '\uc7ac\uc124\uc815'\uc744 \ub204\ub974\uace0 \ub2e4\uc2dc \uc2dc\ub3c4\ud558\uc138\uc694.",
    "Maze.helpRepeat": "\ucef4\ud4e8\ud130\ub294 \uc81c\ud55c\ub41c \uba54\ubaa8\ub9ac\uac00 \uc788\uc2b5\ub2c8\ub2e4. \ube14\ub85d \ub450 \uac1c\ub9cc \uc0ac\uc6a9\ud574 \uc774 \uae38\uc758 \ub05d\uc5d0 \ub3c4\ub2ec\ud558\uc138\uc694. \ud55c \ubc88 \uc774\uc0c1 \ube14\ub85d\uc744 \uc2e4\ud589\ud558\ub824\uba74 '\ubc18\ubcf5'\uc744 \uc0ac\uc6a9\ud558\uc138\uc694.",
    "Maze.helpCapacity": "\uc774 \ub2e8\uacc4\uc5d0 \ub300\ud55c \ubaa8\ub4e0 \ube14\ub85d\uc744 \uc0ac\uc6a9\ud588\uc2b5\ub2c8\ub2e4. \uc0c8 \ube14\ub85d\uc740 \ub9cc\ub4dc\ub824\uba74, \uba3c\uc800 \uae30\uc874 \ube14\ub85d\uc744 \uc0ad\uc81c\ud574\uc57c \ud569\ub2c8\ub2e4.",
    "Maze.helpRepeatMany": "'\ubc18\ubcf5' \ube14\ub85d \uc548\uc5d0 \ud558\ub098 \uc774\uc0c1\uc758 \ube14\ub85d\uc744 \ub123\uc744 \uc218 \uc788\uc2b5\ub2c8\ub2e4.",
    "Maze.helpSkins": "\uba54\ub274\uc5d0\uc11c \ub2f9\uc2e0\uc774 \uc88b\uc544\ud558\ub294 \uc120\uc218\ub97c \uace0\ub974\uc138\uc694.",
    "Maze.helpIf": "'\ub9cc\uc57d' \ube14\ub85d\uc740 \uc870\uac74\uc774 \ucc38\uc774\uba74 \ubb34\uc5b8\uac00\ub97c \ud569\ub2c8\ub2e4. \uc67c\ucabd\uc5d0 \uae38\uc774 \uc788\uc73c\uba74 \uc67c\ucabd\uc73c\ub85c \ub3cc\ub3c4\ub85d \ud558\uc138\uc694.",
    "Maze.helpMenu": "'\ub9cc\uc57d' \ube14\ub85d\uc758 \uc870\uac74\uc744 \ubc14\uafb8\ub824\uba74 %1 \ubd80\ubd84\uc744 \ud074\ub9ad\ud558\uc138\uc694.",
    "Maze.helpWallFollow": "\ubcf5\uc7a1\ud55c \ubbf8\ub85c\ub97c \ud480 \uc218 \uc788\uc2b5\ub2c8\uae4c? \ub2e4\uc74c \uc67c\ucabd \ubcbd\uc744 \ud558\uc138\uc694. \uace0\uae09 \ud504\ub85c\uadf8\ub798\uba38\ub9cc!",
    "Plane.rows": "\ud589 \uc218: %1",
    "Plane.getRows": "\ud589 \uc218 (%1)",
    "Plane.rows1": "1\ub4f1\uc11d \ud589 \uc218: %1",
    "Plane.getRows1": "1\ub4f1\uc11d \ud589 \uc218 (%1)",
    "Plane.rows2": "2\ub4f1\uc11d \ud589 \uc218: %1",
    "Plane.getRows2": "2\ub4f1\uc11d \ud589 \uc218 (%1)",
    "Plane.seats": "\uc88c\uc11d \uc218: %1",
    "Plane.placeholder": "?",
    "Plane.setSeats": "\uc88c\uc11d\uc218 =",
    "Plane.description1": "\ube44\ud589\uae30\ub294 \uc2b9\uac1d \uc88c\uc11d\uc758 \ud589 \uc218\uac00 \uc788\uc2b5\ub2c8\ub2e4. \uac01 \ud589\uc5d0\ub294 \uc2dc\ud2b8 \ub124 \uac1c\uac00 \ud3ec\ud568\ub418\uc5b4 \uc788\uc2b5\ub2c8\ub2e4.",
    "Plane.description2": "\ube44\ud589\uae30\ub294 \ube44\ud589 \uac11\ud310(\uc870\uc885\uc0ac\uc640 \ubd80\uc870\uc885\uc0ac\uc6a9)\uc5d0\uc11c \uc88c\uc11d \ub450 \uac1c\uac00 \uc788\uace0, \uc2b9\uac1d \uc88c\uc11d\uc758 \ud589 \uc218\uac00 \uc788\uc2b5\ub2c8\ub2e4. \uac01 \ud589\uc5d0\ub294 \uc2dc\ud2b8 \ub124 \uac1c\uac00 \ud3ec\ud568\ub418\uc5b4 \uc788\uc2b5\ub2c8\ub2e4.",
    "Plane.description3": "\ube44\ud589\uae30\ub294 \ube44\ud589 \uac11\ud310(\uc870\uc885\uc0ac\uc640 \ubd80\uc870\uc885\uc0ac\uc6a9)\uc5d0\uc11c \uc88c\uc11d \ub450 \uac1c\uac00 \uc788\uace0, 1\ub4f1\uc11d\uacfc 2\ub4f1\uc11d \uc2b9\uac1d \uc88c\uc11d\uc758 \ud589 \uc218\uac00 \uc788\uc2b5\ub2c8\ub2e4. \uac01 1\ub4f1\uc11d \ud589\uc5d0\ub294 \uc2dc\ud2b8 \ub124 \uac1c\uac00 \ud3ec\ud568\ub418\uc5b4 \uc788\uc2b5\ub2c8\ub2e4. \uac01 2\ub4f1\uc11d \ud589\uc5d0\ub294 \uc2dc\ud2b8 \ub2e4\uc12f \uac1c\uac00 \ud3ec\ud568\ub418\uc5b4 \uc788\uc2b5\ub2c8\ub2e4.",
    "Plane.instructions": "\ud589\uc774 \ubc14\ub010(\uc704) \ube44\ud589\uae30\uc5d0 \uc88c\uc11d\uc758 \ucd1d \uc218\ub97c \uacc4\uc0b0\ud558\ub294 \uacf5\uc2dd(\uc544\ub798)\uc744 \uad6c\ucd95\ud558\uc138\uc694.",
    "Puzzle.country1": "\ud638\uc8fc",
    "Puzzle.country1Language": "\uc601\uc5b4",
    "Puzzle.country1City1": "\uba5c\ubc84\ub978",
    "Puzzle.country1City2": "\uc2dc\ub4dc\ub2c8",
    "Puzzle.country1HelpUrl": "http://ko.wikipedia.org/wiki/\uc624\uc2a4\ud2b8\ub808\uc77c\ub9ac\uc544",
    "Puzzle.country2": "\ub3c5\uc77c",
    "Puzzle.country2Language": "\ub3c5\uc77c\uc5b4",
    "Puzzle.country2City1": "\ubca0\ub97c\ub9b0",
    "Puzzle.country2City2": "\ubb8c\ud5e8",
    "Puzzle.country2HelpUrl": "http://ko.wikipedia.org/wiki/\ub3c5\uc77c",
    "Puzzle.country3": "\uc911\uad6d",
    "Puzzle.country3Language": "\uc911\uad6d\uc5b4",
    "Puzzle.country3City1": "\ubca0\uc774\uc9d5",
    "Puzzle.country3City2": "\uc0c1\ud558\uc774",
    "Puzzle.country3HelpUrl": "http://ko.wikipedia.org/wiki/\uc911\ud654\uc778\ubbfc\uacf5\ud654\uad6d",
    "Puzzle.country4": "\ube0c\ub77c\uc9c8",
    "Puzzle.country4Language": "\ud3ec\ub974\ud22c\uac08\uc5b4",
    "Puzzle.country4City1": "\ub9ac\uc6b0\ub370\uc790\ub124\uc774\ub8e8",
    "Puzzle.country4City2": "\uc0c1\ud30c\uc6b8\ub8e8",
    "Puzzle.country4HelpUrl": "http://ko.wikipedia.org/wiki/\ube0c\ub77c\uc9c8",
    "Puzzle.flag": "\uad6d\uae30:",
    "Puzzle.language": "\uc5b8\uc5b4:",
    "Puzzle.languageChoose": "\uc120\ud0dd...",
    "Puzzle.cities": "\ub3c4\uc2dc:",
    "Puzzle.error0": "\uc644\ubcbd\ud569\ub2c8\ub2e4!\n\ubaa8\ub4e0 \ube14\ub85d %1\uac1c\uac00 \uc815\ud655\ud569\ub2c8\ub2e4.",
    "Puzzle.error1": "\uac70\uc758 \ub410\uc2b5\ub2c8\ub2e4! \ube14\ub85d \ud55c \uac1c\uac00 \uc798\ubabb\ub418\uc5c8\uc2b5\ub2c8\ub2e4.",
    "Puzzle.error2": "\ube14\ub85d %1\uac1c\uac00 \uc798\ubabb\ub418\uc5c8\uc2b5\ub2c8\ub2e4.",
    "Puzzle.tryAgain": "\uac15\uc870\ud55c \ube14\ub85d\uc740 \uc62c\ubc14\ub974\uc9c0 \uc54a\uc2b5\ub2c8\ub2e4.\n\uacc4\uc18d \ud574\ubcf4\uc138\uc694.",
    "Puzzle.help": "\ub3c4\uc6c0\ub9d0",
    "Puzzle.checkAnswers": "\uc815\ub2f5 \ud655\uc778",
    "Puzzle.helpText": "\uac01 \uad6d\uac00(\ucd08\ub85d)\uc5d0 \uad6d\uae30\ub97c \uc5f0\uacb0\ud558\uace0 \uc5b8\uc5b4\ub97c \uc120\ud0dd\ud558\uc5ec \ub3c4\uc2dc\ub97c \uc815\ub82c\ud558\uc138\uc694.",
    "Turtle.moveTooltip": "\uc9c0\uc815\ub41c \uc591\uc73c\ub85c \ud130\ud2c0\uc744 \uc55e\uc774\ub098 \ub4a4\ub85c \uc774\ub3d9\ud569\ub2c8\ub2e4.",
    "Turtle.moveForward": "\uc55e\uc73c\ub85c \uac00\uae30",
    "Turtle.moveBackward": "\ub4a4\ub85c \uac00\uae30",
    "Turtle.turnTooltip": "\uc9c0\uc815\ub41c \uac01\ub3c4\ub85c \ud130\ud2c0\uc744 \uc67c\ucabd\uc774\ub098 \uc624\ub978\ucabd\uc73c\ub85c \ub3d5\ub2c8\ub2e4.",
    "Turtle.turnRight": "\uc624\ub978\ucabd\uc73c\ub85c \ub3cc\uae30",
    "Turtle.turnLeft": "\uc67c\ucabd\uc73c\ub85c \ub3cc\uae30",
    "Turtle.widthTooltip": "\ud39c\uc758 \ub108\ube44\ub97c \ubc14\uafc9\ub2c8\ub2e4.",
    "Turtle.setWidth": "\ub108\ube44 \uc124\uc815",
    "Turtle.colourTooltip": "\ud39c\uc758 \uc0c9\uc744 \ubc14\uafc9\ub2c8\ub2e4.",
    "Turtle.setColour": "\uc0c9 \uc124\uc815",
    "Turtle.penTooltip": "\uadf8\ub9ac\uae30\ub97c \uba48\ucd94\uac70\ub098 \uc2dc\uc791\ud558\uae30 \uc704\ud574 \ud39c\uc744 \uc62c\ub9ac\uac70\ub098 \ub0b4\ub9bd\ub2c8\ub2e4.",
    "Turtle.penUp": "\ud39c \uc62c\ub9ac\uae30",
    "Turtle.penDown": "\ud39c \ub0b4\ub9ac\uae30",
    "Turtle.turtleVisibilityTooltip": "\ud130\ud2c0(\ub3d9\uadf8\ub77c\ubbf8\uc640 \ud654\uc0b4\ud45c)\ub97c \ubcf4\uc774\uac70\ub098 \uc228\uae38 \uc218 \uc788\uc2b5\ub2c8\ub2e4.",
    "Turtle.hideTurtle": "\ud130\ud2c0 \uc228\uae30\uae30",
    "Turtle.showTurtle": "\ud130\ud2c0 \ubcf4\uc774\uae30",
    "Turtle.printHelpUrl": "http://ko.wikipedia.org/wiki/\uc778\uc1c4",
    "Turtle.printTooltip": "\ud130\ud2c0\uc758 \ubc29\ud5a5\uacfc \uc704\uce58\ub97c \ud14d\uc2a4\ud2b8\ub85c \uadf8\ub9bd\ub2c8\ub2e4.",
    "Turtle.print": "\uc778\uc1c4",
    "Turtle.fontHelpUrl": "http://en.wikipedia.org/wiki/Font",
    "Turtle.fontTooltip": "\uc778\uc1c4 \ube14\ub85d\uc5d0\uc11c \uc0ac\uc6a9\ub418\ub294 \uae00\uaf34\uc744 \uc124\uc815\ud569\ub2c8\ub2e4.",
    "Turtle.font": "\uae00\uaf34",
    "Turtle.fontSize": "\uae00\uc790 \ud06c\uae30",
    "Turtle.fontNormal": "\ubcf4\ud1b5",
    "Turtle.fontBold": "\uad76\uac8c",
    "Turtle.fontItalic": "\uae30\uc6b8\uc784",
    "Turtle.unloadWarning": "\uc774 \ud398\uc774\uc9c0\ub97c \ub5a0\ub098\uba74 \uc791\uc5c5\uc744 \uc783\uac8c \ub429\ub2c8\ub2e4.",
    "Turtle.runTooltip": "\ud130\ud2c0\uc774 \ub9d0\ud558\ub294 \ud589\ub3d9\uc744 \uce90\ub9ad\ud130\uac00 \ud569\ub2c8\ub2e4.",
    "Turtle.captureTooltip": "\uadf8\ub9ac\uae30\ub97c \uc800\uc7a5\ud569\ub2c8\ub2e4.",
    "Turtle.imgFilename": "\uadf8\ub9ac\uae30.png",
    "Turtle.catTurtle": "\ud130\ud2c0"
}