{
	"Puzzle.tryAgain": "Белгиленген блок туура эмес жайгашкан.\nДагы аракет кылыңыз.",
	"Puzzle.country3City2": "Шанхай",
	"Puzzle.country3HelpUrl": "http://ky.wikipedia.org/wiki/Кытай",
	"Puzzle.country3Language": "Кытайча",
	"Puzzle.checkAnswers": "Жоопторду текшерүү",
	"Puzzle.language": "Тили:",
	"Apps.dialogOk": "OK",
	"Puzzle.title": "Баш катырма.",
	"Puzzle.country1HelpUrl": "http://ky.wikipedia.org/wiki/Австралия",
	"Puzzle.languageChoose": "тандаңыз...",
	"Puzzle.country4City2": "Сан-Паулу",
	"Puzzle.country4City1": "Рио-де-Жанейро",
	"Puzzle.country4Language": "Португалча",
	"Puzzle.helpText": "Ар бир өлкөгө (жашыл), туусун кадаңыз, расмий тилин тандаңыз, жана ал өлкөнүн шаарларын белгилеңиз.",
	"Puzzle.flag": "туу:",
	"Puzzle.country4HelpUrl": "http://ky.wikipedia.org/wiki/Бразилия",
	"Puzzle.error1": "Аз калды!\nБир блок гана туура эмес жайгашкан.",
	"Puzzle.country3City1": "Бээжин",
	"Puzzle.country1City1": "Мельбурн",
	"Puzzle.country1City2": "Сидней",
	"Puzzle.country2Language": "Немисче",
	"Puzzle.country3": "Кытай",
	"Puzzle.country2": "Германия",
	"Puzzle.country1": "Австралия",
	"Puzzle.country2HelpUrl": "http://ky.wikipedia.org/wiki/Германия",
	"Puzzle.error0": "Мыкты!\nБардык блоктор %1 туура жайгашкан.",
	"Puzzle.country4": "Бразилия",
	"Puzzle.error2": "Бир нече блок (%1) туура эмес жайгашкан.",
	"Puzzle.help": "Жардам",
	"Puzzle.country1Language": "Англисче",
	"Puzzle.country2City1": "Берлин",
	"Puzzle.cities": "шаарлары:",
	"Puzzle.country2City2": "Мюнхен"
}
