{
	"Puzzle.tryAgain": "Sectio excerpta vitiosa est.",
	"Puzzle.country3City2": "Sciamhaevum",
	"Puzzle.country3HelpUrl": "http://la.wikipedia.org/wiki/Res_Publica_Popularis_Sinarum",
	"Puzzle.country3Language": "Lingua Sinica",
	"Puzzle.checkAnswers": "Responsa examinare",
	"Puzzle.language": "Lingua:",
	"Apps.dialogOk": "ASSENTIOR",
	"Puzzle.title": "Ludus",
	"Puzzle.country1HelpUrl": "http://la.wikipedia.org/wiki/Australia",
	"Puzzle.languageChoose": "elige...",
	"Puzzle.country4City2": "Urbs Paulistana",
	"Puzzle.country4City1": "Urbs Fluminensis",
	"Puzzle.country4Language": "Lingua Lusitana",
	"Puzzle.helpText": "Unicuique civitati vexillum proprium adiunge, linguam elige et urbes eius indice.",
	"Puzzle.flag": "vexillum:",
	"Puzzle.country4HelpUrl": "http://la.wikipedia.org/wiki/Brasilia",
	"Puzzle.error1": "Paene! Una sectio vitiosa est.",
	"Puzzle.country3City1": "Pechinum",
	"Puzzle.country1City1": "Melburnia",
	"Puzzle.country1City2": "Sydneium",
	"Puzzle.country2Language": "Lingua Theodisca",
	"Puzzle.country3": "Sina",
	"Puzzle.country2": "Germania",
	"Puzzle.country1": "Australia",
	"Puzzle.country2HelpUrl": "http://la.wikipedia.org/wiki/Germania",
	"Puzzle.error0": "Bene!\nOmnes %1 sectiones recte solvisti.",
	"Puzzle.country4": "Brasilia",
	"Puzzle.error2": "%1 sectiones vitiosae sunt.",
	"Puzzle.help": "Auxilium",
	"Puzzle.country1Language": "Lingua Anglica",
	"Puzzle.country2City1": "Berolinum",
	"Puzzle.cities": "urbes:",
	"Puzzle.country2City2": "Monacum"
}
