{
    "@metadata": {
        "authors": [
            "Robby"
        ]
    },
    "Apps.codeTooltip": "Gener\u00e9ierte JavaScript Code kucken.",
    "Apps.linkTooltip": "Sp\u00e4icheren a mat de Bl\u00e9ck verlinken",
    "Apps.runProgram": "Programm ausf\u00e9ieren",
    "Apps.resetProgram": "Zr\u00e9cksetzen",
    "Apps.dialogOk": "OK",
    "Apps.dialogCancel": "Ofbriechen",
    "Apps.catLogic": "Logik",
    "Apps.catText": "Text",
    "Apps.catLists": "L\u00ebschten",
    "Apps.catColour": "Faarf",
    "Apps.catVariables": "Variabelen",
    "Apps.catProcedures": "Prozeduren",
    "Apps.httpRequestError": "Et gouf e Problem mat der Ufro.",
    "Apps.hashError": "Pardon, '%1' entspr\u00e9cht kengem vun de gesp\u00e4icherte Programmer.",
    "Apps.listVariable": "L\u00ebscht",
    "Apps.textVariable": "Text",
    "Code.badXml": "Feeler beim Parse vum XML:\n%1\n\nKlickt 'OK' fir \u00c4r \u00c4nnerungen opzeginn oder 'Ofbriechen' fir den XML weider z'\u00e4nneren.",
    "Code.badCode": "Programmfeeler:\n%1",
    "Code.discard": "All %1 Bl\u00e9ck l\u00e4schen?",
    "Code.title": "Code",
    "Code.blocks": "Bl\u00e9ck",
    "Puzzle.title": "Puzzle",
    "Plane.plane": "Rechemaschinne fir d'S\u00ebtzer am Fliger",
    "Maze.moveForward": "viru goen",
    "Maze.turnLeft": "no l\u00e9nks ofb\u00e9ien",
    "Maze.turnRight": "no riets ofb\u00e9ien",
    "Maze.doCode": "maachen",
    "Maze.elseCode": "soss",
    "Maze.repeatUntil": "widderhuele bis",
    "Maze.capacity0": "Dir hutt %0 Bl\u00e9ck iwwreg.",
    "Maze.capacity1": "Dir hutt %1 Block iwwreg.",
    "Maze.capacity2": "Dir hutt %2 Bl\u00e9ck iwwreg.",
    "Maze.nextLevel": "Gratulatioun! Sidd dir prett fir den Niveau %1?",
    "Maze.finalLevel": "Bravo! Dir hutt de leschten Niveau gel\u00e9ist.",
    "Maze.helpRun": "\u00c4re Programm starte fir ze kucke wat geschitt.",
    "Plane.rows": "Reien: %1",
    "Plane.getRows": "Reien (%1)",
    "Plane.rows1": "1. Klass Reien: %1",
    "Plane.getRows1": "1. Klass Reien (%1)",
    "Plane.rows2": "2. Klass Reien: %1",
    "Plane.getRows2": "2. Klass Reien (%1)",
    "Plane.seats": "S\u00ebtzer: %1",
    "Plane.placeholder": "?",
    "Plane.setSeats": "S\u00ebtzer =",
    "Plane.description1": "E Fliger huet en gew\u00ebss Zuel vu Reie mat S\u00ebtzer fir d'Passag\u00e9ier. All Rei huet v\u00e9ier S\u00ebtzer.",
    "Plane.description2": "E Fliger huet zwee S\u00ebtzer am Cockpit (fir de Pilot an de Co-Pilot), an eng gew\u00ebss Zuel vu Reie mat S\u00ebtzer fir d'Passag\u00e9ier. An all Rei si v\u00e9ier S\u00ebtzer.",
    "Puzzle.country1": "Australien",
    "Puzzle.country1Language": "Englesch",
    "Puzzle.country1City1": "Melbourne",
    "Puzzle.country1City2": "Sydney",
    "Puzzle.country1HelpUrl": "http://lb.wikipedia.org/wiki/Australien",
    "Puzzle.country2": "D\u00e4itschland",
    "Puzzle.country2Language": "D\u00e4itsch",
    "Puzzle.country2City1": "Berlin",
    "Puzzle.country2City2": "M\u00fcnchen",
    "Puzzle.country2HelpUrl": "http://lb.wikipedia.org/wiki/D\u00e4itschland",
    "Puzzle.country3": "China",
    "Puzzle.country3Language": "Chinesesch",
    "Puzzle.country3City1": "Peking",
    "Puzzle.country3City2": "Shanghai",
    "Puzzle.country3HelpUrl": "http://lb.wikipedia.org/wiki/China",
    "Puzzle.country4": "Brasilien",
    "Puzzle.country4Language": "Portugisesch",
    "Puzzle.country4City1": "Rio de Janeiro",
    "Puzzle.country4City2": "S\u00e3o Paulo",
    "Puzzle.country4HelpUrl": "http://lb.wikipedia.org/wiki/Brasilien",
    "Puzzle.flag": "F\u00e4ndel:",
    "Puzzle.language": "Sprooch:",
    "Puzzle.languageChoose": "eraussichen...",
    "Puzzle.cities": "Stied:",
    "Puzzle.error0": "Perfekt!\nAll %1 Blocke si korrekt.",
    "Puzzle.error1": "Bal! Just ee Block ass net richteg.",
    "Puzzle.error2": "%1 Bl\u00e9ck si falsch.",
    "Puzzle.help": "H\u00ebllef",
    "Puzzle.checkAnswers": "\u00c4ntwerten nokucken",
    "Puzzle.helpText": "Fir all Land (gr\u00e9ng), setzt de F\u00e4ndel derb\u00e4i, sicht seng Sprooch eraus a maacht e Koup mat senge Stied.",
    "Turtle.turnLeft": "no lenks dr\u00e9inen \u00ebm",
    "Turtle.colourTooltip": "\u00c4nnert d'Faarf vum Bic.",
    "Turtle.setColour": "d'Faarf \u00e4nneren op",
    "Turtle.hideTurtle": "Deckelsmouk verstoppen",
    "Turtle.showTurtle": "Deckelsmouk weisen",
    "Turtle.print": "dr\u00e9cken",
    "Turtle.font": "Schr\u00ebftart",
    "Turtle.fontNormal": "normal",
    "Turtle.fontBold": "fett",
    "Turtle.fontItalic": "Kursiv",
    "Turtle.unloadWarning": "Wann Dir vun d\u00ebser S\u00e4it erof gitt verl\u00e9iert Dir \u00c4r Aarbecht.",
    "Turtle.captureTooltip": "Zeechnung sp\u00e4icheren.",
    "Turtle.catTurtle": "Deckelsmouk"
}