{
    "@metadata": {
        "authors": [
            "Eitvys200",
            "Vilius2001"
        ]
    },
    "Apps.blocklyMessage": "Blockly",
    "Apps.runProgram": "Paleisti Program\u0105",
    "Apps.resetProgram": "Atnaujinti",
    "Apps.dialogOk": "Gerai",
    "Apps.dialogCancel": "At\u0161aukti",
    "Apps.catLogic": "Logika",
    "Apps.catMath": "Matematika",
    "Apps.catText": "Tekstas",
    "Apps.catLists": "S\u0105ra\u0161ai",
    "Apps.catColour": "Spalva",
    "Apps.catVariables": "Kintamieji",
    "Apps.catProcedures": "Proced\u016bros",
    "Apps.httpRequestError": "I\u0161kilo problema su pra\u0161ymu.",
    "Apps.listVariable": "s\u0105ra\u0161as",
    "Apps.textVariable": "tekstas",
    "Code.badCode": "Programos klaida:\n%1",
    "Code.title": "Kodas",
    "Code.blocks": "Blokai",
    "Code.trashTooltip": "Pa\u0161alinti visus blokus.",
    "Puzzle.title": "Galvos\u016bkis",
    "Maze.maze": "Labirintas",
    "Turtle.title": "V\u0117\u017elio Grafika",
    "Plane.plane": "L\u0117ktuvas",
    "Maze.moveForward": "jud\u0117ti \u012f priek\u012f",
    "Maze.turnLeft": "Suk \u012f kair\u0119",
    "Maze.turnRight": "Suk \u012f de\u0161in\u0119",
    "Maze.doCode": "daryti",
    "Maze.elseCode": "kitas",
    "Maze.repeatUntil": "kartoti iki",
    "Plane.rows": "Eilut\u0117s: %1",
    "Plane.getRows": "eilut\u0117s (%1)",
    "Plane.seats": "Vietos: %1",
    "Plane.placeholder": "?",
    "Plane.setSeats": "Vietos =",
    "Puzzle.country1": "Australija",
    "Puzzle.country1Language": "Angl\u0173",
    "Puzzle.country1City1": "Melburnas",
    "Puzzle.country1City2": "Sidn\u0117jus",
    "Puzzle.country1HelpUrl": "http://en.wikipedia.org/wiki/Australia",
    "Puzzle.country2": "Vokietija",
    "Puzzle.country2Language": "Vokietijos",
    "Puzzle.country2City1": "Berlynas",
    "Puzzle.country2City2": "Miunchenas",
    "Puzzle.country2HelpUrl": "http://en.wikipedia.org/wiki/Germany",
    "Puzzle.country3": "Kinija",
    "Puzzle.country3Language": "Kin\u0173",
    "Puzzle.country3City1": "Pekinas",
    "Puzzle.country3City2": "\u0160anchajus",
    "Puzzle.country3HelpUrl": "http://en.wikipedia.org/wiki/China",
    "Puzzle.country4": "Brazilija",
    "Puzzle.country4Language": "Portugal\u0173",
    "Puzzle.country4City1": "Rio de \u017daneiras",
    "Puzzle.country4City2": "San Paulas",
    "Puzzle.country4HelpUrl": "http://en.wikipedia.org/wiki/Brazil",
    "Puzzle.flag": "v\u0117liava:",
    "Puzzle.language": "kalba:",
    "Puzzle.languageChoose": "pasirinkti...",
    "Puzzle.cities": "miestai:",
    "Puzzle.error0": "Puiku!\nVisi %1 blokai yra teisingi.",
    "Puzzle.error1": "Beveik! Vienas blokas yra neteisingas.",
    "Puzzle.error2": "%1 blokai yra neteisingi.",
    "Puzzle.tryAgain": "Pary\u0161kintas blokas n\u0117ra teisingas.\nToliau bandykite.",
    "Puzzle.help": "Pagalba",
    "Puzzle.checkAnswers": "Patikrinti Atsakymus",
    "Puzzle.helpText": "Kiekvienai \u0161aliai (\u017ealia), prid\u0117kite v\u0117liav\u0105, pasirinkite savo kalb\u0105, ir padarykite savo miest\u0173 kamin\u0105.",
    "Turtle.setWidth": "nustatyti plot\u012f",
    "Turtle.setColour": "nustatyti spalv\u0105",
    "Turtle.hideTurtle": "sl\u0117pti v\u0117\u017el\u012f",
    "Turtle.showTurtle": "rodyti v\u0117\u017el\u012f",
    "Turtle.printHelpUrl": "http://en.wikipedia.org/wiki/Printing",
    "Turtle.print": "spausdinti",
    "Turtle.fontHelpUrl": "http://en.wikipedia.org/wiki/Font",
    "Turtle.font": "\u0161riftas",
    "Turtle.fontSize": "\u0161rifto dydis",
    "Turtle.fontNormal": "normalus",
    "Turtle.fontBold": "pary\u0161kinti",
    "Turtle.fontItalic": "pasvirasis",
    "Turtle.unloadWarning": "Paliekant \u0161\u012f puslap\u012f jus prarasite savo darb\u0105.",
    "Turtle.captureTooltip": "I\u0161saugoti prie\u0161in\u012f.",
    "Turtle.imgFilename": "drawing.png",
    "Turtle.catTurtle": "V\u0117\u017elys"
}