{
	"Puzzle.tryAgain": "പ്രമുഖമാക്കി കാണിക്കുന്ന തടയൽ ശരിയല്ല.\nവീണ്ടും ശ്രമിക്കുക.",
	"Puzzle.country3City2": "ഷാങ്ഹായ്",
	"Puzzle.country3HelpUrl": "http://ml.wikipedia.org/wiki/China",
	"Puzzle.country3Language": "ചൈനീസ്",
	"Puzzle.checkAnswers": "ഉത്തരങ്ങൾ പരിശോധിക്കുക",
	"Puzzle.language": "ഭാഷ:",
	"Apps.dialogOk": "ശരി",
	"Puzzle.title": "പ്രഹേളിക",
	"Puzzle.country1HelpUrl": "http://ml.wikipedia.org/wiki/Australia",
	"Puzzle.languageChoose": "തിരഞ്ഞെടുക്കുക:",
	"Puzzle.country4City2": "സാവോ പോളോ",
	"Puzzle.country4City1": "റിയോ ഡി ജനീറോ",
	"Puzzle.country4Language": "പോർച്ചുഗീസ്",
	"Puzzle.helpText": "ഓരോ രാജ്യത്തിനും (പച്ച), അതിന്റെ പതാക ചേർക്കുക, ഭാഷ തിരഞ്ഞെടുക്കുക ഒപ്പം നഗരങ്ങളുടെ പട്ടിക തയ്യാറാക്കുക.",
	"Puzzle.flag": "പതാക:",
	"Puzzle.country4HelpUrl": "http://ml.wikipedia.org/wiki/Brazil",
	"Puzzle.error1": "കുഴപ്പമില്ല! ഒരു തടയൽ ശരിയല്ല.",
	"Puzzle.country3City1": "ബീജിങ്ങ്",
	"Puzzle.country1City1": "മെൽബൺ",
	"Puzzle.country1City2": "സിഡ്നി",
	"Puzzle.country2Language": "ജെർമ്മൻ",
	"Puzzle.country3": "ചൈന",
	"Puzzle.country2": "ജർമ്മനി",
	"Puzzle.country1": "ഓസ്ട്രേലിയ",
	"Puzzle.country2HelpUrl": "http://ml.wikipedia.org/wiki/Germany",
	"Puzzle.error0": "കൊള്ളാം!\nഎല്ലാ %1 തടയലുകളും ശരിയാണ്.",
	"Puzzle.country4": "ബ്രസീൽ",
	"Puzzle.error2": "%1 തടയലുകൾ ശരിയല്ല.",
	"Puzzle.help": "സഹായം",
	"Puzzle.country1Language": "ഇംഗ്ലീഷ്",
	"Puzzle.country2City1": "ബെർലിൻ",
	"Puzzle.cities": "പട്ടണങ്ങൾ:",
	"Puzzle.country2City2": "മ്യൂണിക്"
}
