{
	"Puzzle.tryAgain": "پررنگ بلوک غلطه.\nاَی دِباره تِلاش هاکن.",
	"Puzzle.country3City2": "شانگهای",
	"Puzzle.country3HelpUrl": "http://en.wikipedia.org/wiki/China",
	"Puzzle.country3Language": "چینی",
	"Puzzle.checkAnswers": "جوابِ بررسی",
	"Puzzle.language": "زوون:",
	"Apps.dialogOk": "خا",
	"Puzzle.title": "پازل",
	"Puzzle.country1HelpUrl": "http://mzn.wikipedia.org/wiki/استرالیا",
	"Puzzle.languageChoose": "چینه...",
	"Puzzle.country4City2": "سائوپائولو",
	"Puzzle.country4City1": "ریو دوژانیرو",
	"Puzzle.country4Language": "پرتغال",
	"Puzzle.helpText": "هر کشور وسّه (سَوز)، وشونِ پرچم پَلی، زوون ره چینه هاکن و ونه شهرون فهرست ره بساز",
	"Puzzle.flag": "پرچم:",
	"Puzzle.country4HelpUrl": "http://mzn.wikipedia.org/wiki/برزیل",
	"Puzzle.error1": "تقریباً! اتا بلوک غلطه.",
	"Puzzle.country3City1": "پکن",
	"Puzzle.country1City1": "ملبورن",
	"Puzzle.country1City2": "سیدنی",
	"Puzzle.country2Language": "آلمانی",
	"Puzzle.country3": "چین",
	"Puzzle.country2": "آلمان",
	"Puzzle.country1": "استرالیا",
	"Puzzle.country2HelpUrl": "http://en.wikipedia.org/wiki/Germany",
	"Puzzle.error0": "خاره!\nتموم  %1 بلوک‌ها درست هسته.",
	"Puzzle.country4": "برزیل",
	"Puzzle.error2": " %1 بلوک‌ها غلط هستنه.",
	"Puzzle.help": "کومک",
	"Puzzle.country1Language": "اینگلیسی",
	"Puzzle.country2City1": "برلین",
	"Puzzle.cities": "شهر:",
	"Puzzle.country2City2": "مونیخ"
}
