{
	"Puzzle.tryAgain": "Den merkede blokken er ikke riktig.\nFortsett å prøve.",
	"Puzzle.country3City2": "Shanghai",
	"Puzzle.country3HelpUrl": "http://no.wikipedia.org/wiki/Kina",
	"Puzzle.country3Language": "Kinesisk",
	"Puzzle.checkAnswers": "Sjekk svar",
	"Puzzle.language": "språk:",
	"Apps.dialogOk": "OK",
	"Puzzle.title": "Puslespill",
	"Puzzle.country1HelpUrl": "http://no.wikipedia.org/wiki/Australia",
	"Puzzle.languageChoose": "velg...",
	"Puzzle.country4City2": "São Paulo",
	"Puzzle.country4City1": "Rio de Janeiro",
	"Puzzle.country4Language": "Portugal",
	"Puzzle.helpText": "For hvert land (grønt), sett ut flagget som hører til, velg språket og lag en gruppe med dets byer.",
	"Puzzle.flag": "flagg:",
	"Puzzle.country4HelpUrl": "http://no.wikipedia.org/wiki/Brasil",
	"Puzzle.error1": "Nesten! En blokk er feil.",
	"Puzzle.country3City1": "Beijing",
	"Puzzle.country1City1": "Melbourne",
	"Puzzle.country1City2": "Sydney",
	"Puzzle.country2Language": "Tysk",
	"Puzzle.country3": "Kina",
	"Puzzle.country2": "Tyskland",
	"Puzzle.country1": "Australia",
	"Puzzle.country2HelpUrl": "http://no.wikipedia.org/wiki/Tyskland",
	"Puzzle.error0": "Perfekt!\nAlle %1 blokker er riktig.",
	"Puzzle.country4": "Brasil",
	"Puzzle.error2": "%1 blokker er feil.",
	"Puzzle.help": "Hjelp",
	"Puzzle.country1Language": "Engelsk",
	"Puzzle.country2City1": "Berlin",
	"Puzzle.cities": "byer:",
	"Puzzle.country2City2": "München"
}
