{
    "@metadata": {
        "authors": [
            "Cedric31"
        ]
    },
    "Apps.subtitle": "un environament de programacion visual",
    "Apps.blocklyMessage": "Blockly",
    "Apps.codeTooltip": "Veire lo c\u00f2de JavaScript generat.",
    "Apps.linkTooltip": "Salva e liga als bl\u00f2ts.",
    "Apps.runTooltip": "Aviar lo programa definit pels bl\u00f2ts dins l\u2019espaci de trabalh.",
    "Apps.runProgram": "Executa lo programa",
    "Apps.resetProgram": "Re\u00efnicializar",
    "Apps.dialogOk": "D'ac\u00f2rdi",
    "Apps.dialogCancel": "Anullar",
    "Apps.catLogic": "Logic",
    "Apps.catLoops": "Boclas",
    "Apps.catMath": "Math",
    "Apps.catText": "T\u00e8xte",
    "Apps.catLists": "Listas",
    "Apps.catColour": "Color",
    "Apps.catVariables": "Variablas",
    "Apps.catProcedures": "Proceduras",
    "Apps.httpRequestError": "I a agut un probl\u00e8ma amb la demanda.",
    "Apps.linkAlert": "Partejatz v\u00f2stres bl\u00f2ts gr\u00e0cia a aqueste ligam :\n\n%1",
    "Apps.hashError": "O planh\u00e8m, '%1' correspond pas a un fichi\u00e8r Blockly salvament.",
    "Apps.xmlError": "Impossible de cargar lo fichi\u00e8r de salvament.  Benl\u00e8u qu'es estat creat amb una autra version de Blockly ?",
    "Apps.listVariable": "lista",
    "Apps.textVariable": "t\u00e8xte",
    "Code.badXml": "Error d\u2019analisi del XML :\n%1\n\nSeleccionar 'D'ac\u00f2rdi' per abandonar v\u00f2stras modificacions o 'Anullar' per modificar encara lo XML.",
    "Code.badCode": "Error del programa :\n%1",
    "Code.timeout": "Nombre maximum d\u2019iteracions d\u2019execucion depassat.",
    "Code.discard": "Suprimir totes los %1 bl\u00f2ts\u202f?",
    "Code.title": "C\u00f2de",
    "Code.blocks": "Bl\u00f2ts",
    "Code.trashTooltip": "Getar totes los bl\u00f2ts.",
    "Graph.title": "Calculadoira grafica",
    "Puzzle.title": "Puzzle",
    "Maze.maze": "Laberint",
    "Turtle.title": "Tortuga dessenhaira",
    "Plane.plane": "Avion",
    "Maze.moveForward": "avan\u00e7a",
    "Maze.turnLeft": "vira a esqu\u00e8rra",
    "Maze.turnRight": "vira a drecha",
    "Maze.doCode": "far",
    "Maze.elseCode": "siquenon",
    "Maze.helpIfElse": "Un bl\u00f2t 'Se-Siquenon' executa una causa o una autra.",
    "Maze.pathAhead": "se camin davant",
    "Maze.pathLeft": "se camin cap a esqu\u00e8rra",
    "Maze.pathRight": "se camin cap a drecha",
    "Maze.repeatUntil": "repet\u00eds fins a",
    "Maze.moveForwardTooltip": "Fa avan\u00e7ar s\u00e9nher Pegman en avant d'un espaci.",
    "Maze.turnTooltip": "Fa virar s\u00e9nher Pegman a esqu\u00e8rra o a drecha de 90 grases.",
    "Maze.ifTooltip": "Se i a un camin dins la direccion especificada, alara efectua aquelas accions.",
    "Maze.ifelseTooltip": "Se i a un camin dins la direccion especificada, alara fas\u00e8tz lo premi\u00e8r bl\u00f2t d'accions. Siquenon fas\u00e8tz lo segond bl\u00f2t d'accions.",
    "Maze.whileTooltip": "Repet\u00edse los bl\u00f2ts que son a l'interior fins a at\u00e9nher la t\u00f2ca.",
    "Maze.capacity0": "Te dem\u00f2ra %0 bl\u00f2t.",
    "Maze.capacity1": "Te dem\u00f2ra %1 bl\u00f2t.",
    "Maze.capacity2": "Te dem\u00f2ran %2 bl\u00f2ts.",
    "Maze.nextLevel": "\u00d2sca ! S\u00e8tz pr\u00e8st pel niv\u00e8l %1?",
    "Maze.finalLevel": "\u00d2sca ! As acabat lo darri\u00e8r niv\u00e8l.",
    "Maze.runTooltip": "Far far al jogaire \u00e7\u00f2 que los bl\u00f2ts dison.",
    "Maze.resetTooltip": "Repla\u00e7ar lo jogaire al comen\u00e7ament del laberint.",
    "Maze.helpStack": "Empilar dos bl\u00f2ts d'instruccions 'avan\u00e7a' per m'ajudar a at\u00e9nher ma t\u00f2ca.",
    "Maze.helpOneTopBlock": "Dins aqueste niv\u00e8l, av\u00e8tz besonh d'empilar los bl\u00f2ts los uns en dess\u00fas dels autres dins la z\u00f2na de trabalh blanca.",
    "Maze.helpRepeat": "Los ordenadors an pas gaire de mem\u00f2ria. Utilizatz solament dos bl\u00f2ts per at\u00e9nher la t\u00f2ca. Utilizatz lo bl\u00f2t 'repet\u00eds' per executar un bl\u00f2t mai d'un c\u00f2p.",
    "Maze.helpRepeatMany": "Pod\u00e8tz metre mai d\u2019un bl\u00f2t dins un bl\u00f2t \u00ab\u202frepetir\u202f\u00bb.",
    "Plane.rows": "Linhas : %1",
    "Plane.getRows": "linhas (%1)",
    "Plane.rows1": "linhas de primi\u00e8ra classa : %1",
    "Plane.getRows1": "linhas de primi\u00e8ra classa (%1)",
    "Plane.rows2": "linhas de segonda classa : %1",
    "Plane.getRows2": "linhas de segonda classa (%1)",
    "Plane.seats": "S\u00e8tis : %1",
    "Plane.placeholder": "?",
    "Plane.setSeats": "s\u00e8tis =",
    "Puzzle.country1": "Austr\u00e0lia",
    "Puzzle.country1Language": "Angl\u00e9s",
    "Puzzle.country1City1": "Melbourne",
    "Puzzle.country1City2": "Sydney",
    "Puzzle.country1HelpUrl": "http://oc.wikipedia.org/wiki/Austr%C3%A0lia",
    "Puzzle.country2": "Alemanha",
    "Puzzle.country2Language": "Alemand",
    "Puzzle.country2City1": "Berlin",
    "Puzzle.country2City2": "Munich",
    "Puzzle.country2HelpUrl": "http://oc.wikipedia.org/wiki/Alemanha",
    "Puzzle.country3": "Chine",
    "Puzzle.country3Language": "Chin\u00e9s",
    "Puzzle.country3City1": "Pequin",
    "Puzzle.country3City2": "Shanghai",
    "Puzzle.country3HelpUrl": "http://oc.wikipedia.org/wiki/Republica_Populara_de_China",
    "Puzzle.country4": "Brasil",
    "Puzzle.country4Language": "Portugu\u00e9s",
    "Puzzle.country4City1": "Rio de Janeiro",
    "Puzzle.country4City2": "S\u00e3o Paulo",
    "Puzzle.country4HelpUrl": "http://oc.wikipedia.org/wiki/Brasil",
    "Puzzle.flag": "bandi\u00e8ra :",
    "Puzzle.language": "lenga :",
    "Puzzle.languageChoose": "causiss\u00e8tz...",
    "Puzzle.cities": "vilas :",
    "Puzzle.error0": "Perfi\u00e8ch !  Totes los %1 bl\u00f2ts son corr\u00e8ctes.",
    "Puzzle.error1": "Gaireben !  Un bl\u00f2t es incorr\u00e8cte.",
    "Puzzle.error2": "%1 bl\u00f2ts son incorr\u00e8ctes.",
    "Puzzle.tryAgain": "Lo bl\u00f2t en susbrilhan\u00e7a es incorr\u00e8cte.  Tornatz ensajar.",
    "Puzzle.help": "Ajuda",
    "Puzzle.checkAnswers": "Verificatz las responsas",
    "Puzzle.helpText": "Per cada pa\u00eds (en verd), estaca sa bandi\u00e8ra, caus\u00eds sa lenga, e fa un empilatge de sas vilas.",
    "Turtle.moveTooltip": "Despla\u00e7a la tortuga en avant o en arri\u00e8r de la quantitat indicada.",
    "Turtle.moveForward": "avan\u00e7ar de",
    "Turtle.moveBackward": "recuolar de",
    "Turtle.turnTooltip": "Far virar la tortuga a esqu\u00e8rra o a drecha del nombre de grases indicat.",
    "Turtle.turnRight": "virar a drecha de",
    "Turtle.turnLeft": "virar a esqu\u00e8rra de",
    "Turtle.widthTooltip": "Modificar la grossor de l'estil\u00f2.",
    "Turtle.setWidth": "metre la grossor a",
    "Turtle.colourTooltip": "Modificar la color de l'estil\u00f2.",
    "Turtle.setColour": "metre la color a",
    "Turtle.penTooltip": "Levar o pausar l'estil\u00f2, per arrestar o comen\u00e7ar de dessenhar.",
    "Turtle.penUp": "levar l'estil\u00f2",
    "Turtle.penDown": "pausar l'estil\u00f2",
    "Turtle.turtleVisibilityTooltip": "Rend la tortuga (cercle e fl\u00e8cha) visibla o pas.",
    "Turtle.hideTurtle": "amagar la tortuga",
    "Turtle.showTurtle": "afichar la tortuga",
    "Turtle.printHelpUrl": "http://en.wikipedia.org/wiki/Printing",
    "Turtle.printTooltip": "Dessenha lo t\u00e8xte dins la direccion de la tortuga a son empla\u00e7ament.",
    "Turtle.print": "ecrire",
    "Turtle.fontHelpUrl": "http://en.wikipedia.org/wiki/Font",
    "Turtle.fontTooltip": "Defin\u00eds la poli\u00e7a utilizada pel bl\u00f2t d\u2019escritura.",
    "Turtle.font": "poli\u00e7a",
    "Turtle.fontSize": "talha de la poli\u00e7a",
    "Turtle.fontNormal": "normal",
    "Turtle.fontBold": "gras",
    "Turtle.fontItalic": "italica",
    "Turtle.unloadWarning": "Quitar aquesta pagina provocar\u00e0 la p\u00e8rda de v\u00f2stre trabalh.",
    "Turtle.runTooltip": "Far far a la tortuga \u00e7\u00f2 que dison los bl\u00f2ts.",
    "Turtle.captureTooltip": "Enregistrar lo dessenh.",
    "Turtle.imgFilename": "drawing.png",
    "Turtle.catTurtle": "Tortuga"
}