{
	"Puzzle.tryAgain": "ਉੱਭਰਿਆ ਹੋਇਆ ਬਲਾਕ ਗ਼ਲਤ ਹੈ।\nਕੋਸ਼ਿਸ਼ ਕਰਦੇ ਰਹੋ।",
	"Puzzle.country3City2": "ਸ਼ੰਘਾਈ",
	"Puzzle.country3HelpUrl": "http://pa.wikipedia.org/wiki/ਚੀਨ",
	"Puzzle.country3Language": "ਚੀਨੀ",
	"Puzzle.checkAnswers": "ਜੁਆਬ ਚੈੱਕ ਕਰੋ",
	"Puzzle.language": "ਭਾਸ਼ਾ:",
	"Apps.dialogOk": "ਠੀਕ ਹੈ।",
	"Puzzle.title": "ਬੁਝਾਰਤ",
	"Puzzle.country1HelpUrl": "http://pa.wikipedia.org/wiki/ਆਸਟਰੇਲੀਆ",
	"Puzzle.languageChoose": "ਚੁਣੋ...",
	"Puzzle.country4City2": "ਸਾਓ ਪਾਓਲੋ",
	"Puzzle.country4City1": "ਰਿਓ ਡੀ ਜਨੇਰੋ",
	"Puzzle.country4Language": "ਪੁਰਤਗਾਲੀ",
	"Puzzle.helpText": "ਹਰੇਕ ਦੇਸ਼ (ਹਰਾ) ਲਈ, ਉਹਦਾ ਝੰਡਾ ਲਗਾਓ, ਉਹਦੀ ਭਾਸ਼ਾ ਚੁਣੋ ਅਤੇ ਉਹਦੇ ਸ਼ਹਿਰਾਂ ਦਾ ਢੇਰ ਬਣਾਓ।",
	"Puzzle.flag": "ਝੰਡਾ:",
	"Puzzle.country4HelpUrl": "http://pa.wikipedia.org/wiki/ਬ੍ਰਾਜ਼ੀਲ",
	"Puzzle.error1": "ਬਸ ਹੋ ਗਿਆ ਸੀ! ਇੱਕ ਬਲਾਕ ਗ਼ਲਤ ਸੀ।",
	"Puzzle.country3City1": "ਬੀਜਿੰਗ",
	"Puzzle.country1City1": "ਮੈਲਬਰਨ",
	"Puzzle.country1City2": "ਸਿਡਨੀ",
	"Puzzle.country2Language": "ਗਰਮਨ",
	"Puzzle.country3": "ਚੀਨ",
	"Puzzle.country2": "ਜਰਮਨੀ",
	"Puzzle.country1": "ਆਸਟਰੇਲੀਆ",
	"Puzzle.country2HelpUrl": "http://pa.wikipedia.org/wiki/ਜਰਮਨੀ",
	"Puzzle.error0": "ਬਹੁਤ ਵਧੀਆ!\nਸਾਰੇ $1 ਬਲਾਕ ਸਹੀ ਹਨ।",
	"Puzzle.country4": "ਬ੍ਰਾਜ਼ੀਲ",
	"Puzzle.error2": "%1 ਬਲਾਕ ਗ਼ਲਤ ਹਨ।",
	"Puzzle.help": "ਮਦਦ",
	"Puzzle.country1Language": "ਅੰਗਰੇਜ਼ੀ",
	"Puzzle.country2City1": "ਬਰਲਿਨ",
	"Puzzle.cities": "ਸ਼ਹਿਰ:",
	"Puzzle.country2City2": "ਮਿਊਨਿਖ"
}
