{
	"Puzzle.country3City2": "شانګهای",
	"Puzzle.country3HelpUrl": "http://en.wikipedia.org/wiki/China",
	"Puzzle.country3Language": "چينايي",
	"Puzzle.checkAnswers": "ځوابونه کره کول",
	"Puzzle.language": "ژبه:",
	"Apps.dialogOk": "ښه",
	"Puzzle.country1HelpUrl": "http://en.wikipedia.org/wiki/Australia",
	"Puzzle.languageChoose": "ټاکل...",
	"Puzzle.country4City2": "ساو پاولو",
	"Puzzle.country4City1": "رايو ډي جېنېرو",
	"Puzzle.country4Language": "پارټوګيسي",
	"Puzzle.flag": "رپی",
	"Puzzle.country4HelpUrl": "http://en.wikipedia.org/wiki/Brazil",
	"Puzzle.error1": "نژدې دی! يو بنديز سم نه دی.",
	"Puzzle.country3City1": "بيجېنګ",
	"Puzzle.country1City1": "مېلبورن",
	"Puzzle.country1City2": "سېډني",
	"Puzzle.country2Language": "جرمن",
	"Puzzle.country3": "چين",
	"Puzzle.country2": "جرمني",
	"Puzzle.country1": "آسټراليا",
	"Puzzle.country2HelpUrl": "http://en.wikipedia.org/wiki/Germany",
	"Puzzle.error0": "ډېر ښه!\nټول %1 بنديزونه سم دي.",
	"Puzzle.country4": "برازيل",
	"Puzzle.error2": "%1 بنديزونه سم نه دي.",
	"Puzzle.help": "لارښود",
	"Puzzle.country1Language": "انګرېزي",
	"Puzzle.country2City1": "برلين",
	"Puzzle.cities": "ښارونه",
	"Puzzle.country2City2": "ميونيښ"
}
