{
    "@metadata": {
        "authors": [
            "Cainamarques",
            "Leosls",
            "Luckas",
            "Prilopes",
            "Slovato"
        ]
    },
    "Apps.subtitle": "um ambiente de programa\u00e7\u00e3o visual",
    "Apps.blocklyMessage": "Blockly",
    "Apps.codeTooltip": "Veja o c\u00f3digo JavaScript gerado.",
    "Apps.linkTooltip": "Salvar e gerar link para os blocos.",
    "Apps.runTooltip": "Executar o programa definido pelos blocos na \u00e1rea de trabalho.",
    "Apps.runProgram": "Executar programa",
    "Apps.resetProgram": "Reiniciar",
    "Apps.dialogOk": "OK",
    "Apps.dialogCancel": "Cancelar",
    "Apps.catLogic": "L\u00f3gica",
    "Apps.catLoops": "La\u00e7os",
    "Apps.catMath": "Matem\u00e1tica",
    "Apps.catText": "Texto",
    "Apps.catLists": "Listas",
    "Apps.catColour": "Cor",
    "Apps.catVariables": "Vari\u00e1veis",
    "Apps.catProcedures": "Procedimentos",
    "Apps.httpRequestError": "Houve um problema com sua requisi\u00e7\u00e3o.",
    "Apps.linkAlert": "Compartilhe seus blocos por este link:\n\n%1",
    "Apps.hashError": "Desculpe, '%1' n\u00e3o corresponde a um programa salvo.",
    "Apps.xmlError": "N\u00e3o foi poss\u00edvel carregar seu arquivo salvo. Talvez ele tenha sido criado com uma vers\u00e3o diferente do Blockly?",
    "Apps.listVariable": "lista",
    "Apps.textVariable": "texto",
    "Code.badXml": "Erro ao analisar o XML:\n%1",
    "Code.badCode": "Erro no programa:\n%1",
    "Code.timeout": "M\u00e1ximo de itera\u00e7\u00f5es de execu\u00e7\u00e3o excedido.",
    "Code.discard": "Apagar todos os %1 blocos?",
    "Code.title": "C\u00f3digo",
    "Code.blocks": "Blocos",
    "Code.trashTooltip": "Descartar todos os blocos.",
    "Graph.title": "Calculadora gr\u00e1fica",
    "Maze.moveForward": "avan\u00e7ar",
    "Maze.turnLeft": "vire \u00e0 esquerda",
    "Maze.turnRight": "vire \u00e0 direita",
    "Maze.doCode": "fa\u00e7a",
    "Maze.elseCode": "sen\u00e3o",
    "Maze.helpIfElse": "Blocos se-sen\u00e3o far\u00e3o uma coisa ou a outra.",
    "Maze.pathAhead": "se caminho \u00e0 frente",
    "Maze.pathLeft": "se caminho \u00e0 esquerda",
    "Maze.pathRight": "se caminho \u00e0 direita",
    "Maze.repeatUntil": "repetir at\u00e9",
    "Maze.moveForwardTooltip": "Move o jogador um espa\u00e7o para frente.",
    "Maze.turnTooltip": "Vira o jogador 90 graus para esquerda ou direita.",
    "Maze.ifTooltip": "Se h\u00e1 um caminho na dire\u00e7\u00e3o especificada, ent\u00e3o fa\u00e7a algumas a\u00e7\u00f5es.",
    "Maze.ifelseTooltip": "Se h\u00e1 um caminho na dire\u00e7\u00e3o especificada, ent\u00e3o fa\u00e7a o primeiro bloco de a\u00e7\u00f5es. Caso contr\u00e1rio, fa\u00e7a o segundo bloco de a\u00e7\u00f5es.",
    "Maze.whileTooltip": "Repetir as a\u00e7\u00f5es inclusas at\u00e9 que o ponto final seja alcan\u00e7ado.",
    "Maze.capacity0": "Restam %0 blocos.",
    "Maze.capacity1": "Resta %1 bloco.",
    "Maze.capacity2": "Restam %2 blocos.",
    "Maze.nextLevel": "Parab\u00e9ns! Voc\u00ea est\u00e1 pronto para continuar no n\u00edvel %1?",
    "Maze.finalLevel": "Parab\u00e9ns! Voc\u00ea resolveu a fase final.",
    "Maze.maze": "Maze",
    "Maze.runTooltip": "Faz o jogador executar o que os blocos dizem.",
    "Maze.resetTooltip": "Coloca o jogador de volta ao in\u00edcio do labirinto.",
    "Maze.helpStack": "Empilhe alguns blocos 'avan\u00e7ar' juntos para me ajudar a alcan\u00e7ar o objetivo.",
    "Maze.helpOneTopBlock": "Neste n\u00edvel, voc\u00ea deve empilhar todos os blocos na \u00e1rea de trabalho branca.",
    "Maze.helpRun": "Execute seu programa para ver o que acontece.",
    "Maze.helpReset": "Seu programa n\u00e3o resolveu o labirinto. Aperte 'Reiniciar' e tente novamente.",
    "Maze.helpRepeat": "Alcance o fim deste caminho usando apenas dois blocos. Use 'repetir at\u00e9' para executar um bloco mais de uma vez.",
    "Maze.helpCapacity": "Voc\u00ea usou todos os blocos para este n\u00edvel. Para criar um novo bloco, voc\u00ea primeiro deve remover um bloco existente.",
    "Maze.helpRepeatMany": "Voc\u00ea pode encaixar mais de um bloco dentro de um bloco 'repetir at\u00e9'.",
    "Maze.helpSkins": "Escolha o seu jogador favorito neste menu.",
    "Maze.helpIf": "Um bloco 'se' far\u00e1 alguma coisa apenas se a condi\u00e7\u00e3o for verdadeira. Tente virar \u00e0 esquerda se houver um caminho para a esquerda.",
    "Maze.helpMenu": "Clique em %1 no bloco 'se' para mudar sua condi\u00e7\u00e3o.",
    "Maze.helpWallFollow": "Voc\u00ea consegue resolver este labirinto complicado? Tente seguir a parede da m\u00e3o esquerda. Apenas para programadores avan\u00e7ados!",
    "Plane.rows": "Fileiras: %1",
    "Plane.getRows": "filas (%1)",
    "Plane.rows1": "filas na primeira classe: %1",
    "Plane.getRows1": "filas na primeira classe: (%1)",
    "Plane.rows2": "filas na segunda classe: %1",
    "Plane.getRows2": "filas na segunda classe (%1)",
    "Plane.seats": "Assentos: %1",
    "Plane.placeholder": "?",
    "Plane.setSeats": "assentos =",
    "Plane.plane": "Avi\u00e3o",
    "Plane.description1": "Um avi\u00e3o tem um n\u00famero de filas de assentos para os passageiros. Cada fila cont\u00e9m quatro assentos.",
    "Plane.description2": "Um avi\u00e3o tem dois assentos na cabine de comando (para o piloto e o copiloto) e um n\u00famero de filas de assentos para os passageiros. Cada fila cont\u00e9m quatro assentos.",
    "Plane.description3": "Um avi\u00e3o tem dois assentos na cabine de comando (para o piloto e o copiloto) e um n\u00famero de filas de assentos na primeira e na segunda classe. Cada fila da primeira classe cont\u00e9m quatro assentos. Cada fila da segunda classe cont\u00e9m cinco assentos.",
    "Plane.instructions": "Elabore uma f\u00f3rmula (abaixo) que calcule o n\u00famero total de assentos no avi\u00e3o a medida que as filas s\u00e3o alteradas (acima).",
    "Puzzle.country1": "Austr\u00e1lia",
    "Puzzle.country1Language": "Ingl\u00eas",
    "Puzzle.country1City1": "Melbourne",
    "Puzzle.country1City2": "Sydney",
    "Puzzle.country1HelpUrl": "http://pt.wikipedia.org/wiki/Austr%C3%A1lia",
    "Puzzle.country2": "Alemanha",
    "Puzzle.country2Language": "Alem\u00e3o",
    "Puzzle.country2City1": "Berlim",
    "Puzzle.country2City2": "Munique",
    "Puzzle.country2HelpUrl": "http://pt.wikipedia.org/wiki/Alemanha",
    "Puzzle.country3": "China",
    "Puzzle.country3Language": "Chin\u00eas",
    "Puzzle.country3City1": "Pequim",
    "Puzzle.country3City2": "Xangai",
    "Puzzle.country3HelpUrl": "http://pt.wikipedia.org/wiki/Rep%C3%BAblica_Popular_da_China",
    "Puzzle.country4": "Brasil",
    "Puzzle.country4Language": "Portugu\u00eas",
    "Puzzle.country4City1": "Rio de Janeiro",
    "Puzzle.country4City2": "S\u00e3o Paulo",
    "Puzzle.country4HelpUrl": "http://pt.wikipedia.org/wiki/Brasil",
    "Puzzle.flag": "bandeira:",
    "Puzzle.language": "l\u00edngua:",
    "Puzzle.languageChoose": "escolha...",
    "Puzzle.cities": "cidades:",
    "Puzzle.error0": "Perfeito!\nTodos os %1 blocos est\u00e3o corretos.",
    "Puzzle.error1": "Quase! Um bloco est\u00e1 incorreto.",
    "Puzzle.error2": "%1 blocos est\u00e3o incorretos.",
    "Puzzle.tryAgain": "O bloco destacado est\u00e1 incorreto. Continue tentando.",
    "Puzzle.title": "Quebra-Cabe\u00e7a",
    "Puzzle.help": "Ajuda",
    "Puzzle.checkAnswers": "Checar respostas",
    "Puzzle.helpText": "Para cada pa\u00eds (verde), anexe sua bandeira, escolha seu idioma e agrupe suas cidades.",
    "Turtle.moveTooltip": "Move a tartaruga para frente ou para tr\u00e1s a quantidade especificada.",
    "Turtle.moveForward": "avan\u00e7ar",
    "Turtle.moveBackward": "mover para tr\u00e1s",
    "Turtle.turnTooltip": "Gira a tartaruga para esquerda ou direita de acordo com o n\u00famero de graus especificado.",
    "Turtle.turnRight": "vire \u00e0 direita",
    "Turtle.turnLeft": "vire \u00e0 esquerda",
    "Turtle.widthTooltip": "Muda o tamanho da caneta.",
    "Turtle.setWidth": "configurar largura para",
    "Turtle.colourTooltip": "Muda a cor da caneta.",
    "Turtle.setColour": "Configurar cor para",
    "Turtle.penTooltip": "Levanta ou abaixa a caneta, para parar ou voltar a desenhar.",
    "Turtle.penUp": "levantar caneta",
    "Turtle.penDown": "abaixar caneta",
    "Turtle.turtleVisibilityTooltip": "Torna a tartaruga (c\u00edrculo e seta) vis\u00edvel ou invis\u00edvel.",
    "Turtle.hideTurtle": "esconder tartaruga",
    "Turtle.showTurtle": "mostrar tartaruga",
    "Turtle.printHelpUrl": "http://pt.wikipedia.org/wiki/Impress%C3%A3o",
    "Turtle.printTooltip": "Desenha texto na dire\u00e7\u00e3o da tartaruga em sua localiza\u00e7\u00e3o.",
    "Turtle.print": "imprimir",
    "Turtle.fontHelpUrl": "http://pt.wikipedia.org/wiki/Fonte_tipogr%C3%A1fica",
    "Turtle.fontTooltip": "Configurar a fonte usada pelo bloco de impress\u00e3o na tela.",
    "Turtle.font": "fonte",
    "Turtle.fontSize": "tamanho da fonte",
    "Turtle.fontNormal": "normal",
    "Turtle.fontBold": "negrito",
    "Turtle.fontItalic": "it\u00e1lico",
    "Turtle.unloadWarning": "Deixar est\u00e1 p\u00e1gina resultar\u00e1 na perda de seu trabalho.",
    "Turtle.title": "Gr\u00e1ficos de Tartaruga",
    "Turtle.runTooltip": "Faz a tartaruga executar o que os blocos dizem.",
    "Turtle.captureTooltip": "Salvar o desenho.",
    "Turtle.imgFilename": "desenho.png",
    "Turtle.catTurtle": "Turtle"
}
