{
    "@metadata": {
        "authors": [
            "Luckas"
        ]
    },
    "Apps.blocklyMessage": "Blockly",
    "Apps.codeTooltip": "Veja o c\u00f3digo JavaScript gerado.",
    "Apps.linkTooltip": "Salva conex\u00e3o com o blockly.",
    "Apps.runProgram": "Executar programa",
    "Apps.resetProgram": "Reiniciar",
    "Apps.dialogOk": "OK",
    "Apps.catMath": "Matem\u00e1tica",
    "Apps.catText": "Texto",
    "Apps.catLists": "Listas",
    "Apps.catColour": "Cor",
    "Apps.catVariables": "Vari\u00e1veis",
    "Apps.catProcedures": "Procedimentos",
    "Apps.httpRequestError": "Houve um problema com a solicita\u00e7\u00e3o.",
    "Apps.linkAlert": "Compartilhe os seus blocos com este link:\n\n%1",
    "Apps.hashError": "Desculpe, '%1' n\u00e3o corresponde a um blockly salvo.",
    "Apps.xmlError": "N\u00e3o foi poss\u00edvel ler o seu arquivo salvo.  Talvez ele tenha sido gerado por uma vers\u00e3o antiga do Blockly?",
    "Apps.listVariable": "lista",
    "Apps.textVariable": "texto",
    "Code.title": "C\u00f3digo",
    "Code.blocks": "Bloqueios",
    "Maze.maze": "Quebra-cabe\u00e7a",
    "Plane.plane": "Avi\u00e3o",
    "Maze.moveForward": "Mover para a frente",
    "Maze.turnLeft": "gire para a esquerda",
    "Maze.turnRight": "gire para a direita",
    "Maze.doCode": "fa\u00e7a",
    "Maze.elseCode": "sen\u00e3o",
    "Maze.helpIfElse": "O comando 'Se-sen\u00e3o' faz uma coisa ou outra.",
    "Maze.pathAhead": "se existe um caminho em frente",
    "Maze.pathLeft": "se existe um caminho para a esquerda",
    "Maze.pathRight": "se existe um caminho para a direita",
    "Maze.repeatUntil": "repita at\u00e9 o",
    "Maze.moveForwardTooltip": "Move o Pegman um quadro para frente.",
    "Maze.turnTooltip": "Gire o Pegman 90 graus para esquerda ou para a direita.",
    "Maze.ifTooltip": "Se existe um caminho na dire\u00e7\u00e3o especificada, entao executa algumas a\u00e7\u00f5es.",
    "Maze.ifelseTooltip": "Se n\u00e3o existe um caminho na dire\u00e7\u00e3o especificada, ent\u00e3o execute o primeiro bloco de a\u00e7\u00f5es. Sen\u00e3o, execute o segundo bloco de a\u00e7\u00f5es.",
    "Maze.whileTooltip": "Repita as a\u00e7\u00f5es seguintes at\u00e9 que o ponto final seja alcan\u00e7ado.",
    "Maze.capacity0": "Voc\u00ea tem mais %0 blocos.",
    "Maze.capacity1": "Voc\u00ea tem mais %1 blocos.",
    "Maze.capacity2": "Voc\u00ea tem mais %2 blocos.",
    "Maze.nextLevel": "Parab\u00e9ns! Voc\u00ea est\u00e1 apto para o n\u00edvel %1?",
    "Maze.finalLevel": "Parab\u00e9ns! Voc\u00ea resolveu o n\u00edvel final.",
    "Maze.helpStack": "Empilhe alguns blocos 'Mover para a frente' para ajudar-me a chegar ao destino.",
    "Maze.helpOneTopBlock": "Neste n\u00edvel, voc\u00ea precisa empilhar todos os blocos nos espa\u00e7os em branco.",
    "Maze.helpRepeat": "Os computadores t\u00eam uma memoria limitada. Chegue ao destino usando apenas dois blocos. Utilize o comando 'repita' para executar um bloco v\u00e1rias vezes.",
    "Maze.helpRepeatMany": "Chegue ao destino utilizando apenas cinco blocos.",
    "Maze.helpIf": "A condi\u00e7\u00e3o 'se' executa algo apenas se a condi\u00e7\u00e3o for verdadeira. Tente girar \u00e0 esquerda se existe um caminho \u00e0 esquerda",
    "Maze.helpWallFollow": "Voc\u00ea consegue resolver este quebra cabe\u00e7as complexo. Tente seguir o muro do lado esquerdo. Para programadores avan\u00e7ados apenas!",
    "Puzzle.country1": "Austr\u00e1lia",
    "Puzzle.country1Language": "Ingl\u00eas",
    "Puzzle.country1City1": "Melbourne",
    "Puzzle.country1City2": "Sydney",
    "Puzzle.country2": "Alemanha",
    "Puzzle.country2Language": "Alem\u00e3o",
    "Puzzle.country2City1": "Berlim",
    "Puzzle.country2City2": "Munique",
    "Puzzle.country2HelpUrl": "http://pt.wikipedia.org/wiki/Alemanha",
    "Puzzle.country3": "China",
    "Puzzle.country3Language": "Chin\u00eas",
    "Puzzle.country3City1": "Pequim",
    "Puzzle.country3City2": "Xangai",
    "Puzzle.country4": "Brasil",
    "Puzzle.country4Language": "Portugu\u00eas",
    "Puzzle.country4City1": "Rio de Janeiro",
    "Puzzle.country4City2": "S\u00e3o Paulo",
    "Puzzle.country4HelpUrl": "http://pt.wikipedia.org/wiki/Brasil",
    "Puzzle.flag": "bandeira:",
    "Puzzle.language": "l\u00edngua:",
    "Puzzle.languageChoose": "escolha...",
    "Puzzle.cities": "cidades:",
    "Puzzle.help": "Ajuda",
    "Puzzle.checkAnswers": "Verificar respostas",
    "Turtle.font": "fonte",
    "Turtle.fontSize": "tamanho da fonte",
    "Turtle.fontNormal": "normal",
    "Turtle.fontBold": "negrito",
    "Turtle.fontItalic": "it\u00e1lico"
}