{
	"Puzzle.country3City2": "Шангај",
	"Puzzle.country3HelpUrl": "http://sr.wikipedia.org/wiki/Кина",
	"Puzzle.country3Language": "кинески",
	"Puzzle.language": "језик:",
	"Apps.dialogOk": "У реду",
	"Puzzle.title": "Слагалица",
	"Puzzle.country1HelpUrl": "http://sr.wikipedia.org/wiki/Аустралија",
	"Puzzle.languageChoose": "изаберите...",
	"Puzzle.country4City2": "Сао Пауло",
	"Puzzle.country4City1": "Рио де Жанеиро",
	"Puzzle.country4Language": "португалски",
	"Puzzle.flag": "ознака:",
	"Puzzle.country4HelpUrl": "http://sr.wikipedia.org/wiki/Бразил",
	"Puzzle.error1": "Умало! Један блок је неисправно постављен.",
	"Puzzle.country3City1": "Пекинг",
	"Puzzle.country1City1": "Мелбурн",
	"Puzzle.country1City2": "Сиднеј",
	"Puzzle.country2Language": "немачки",
	"Puzzle.country3": "Кина",
	"Puzzle.country2": "Немачка",
	"Puzzle.country1": "Аустралија",
	"Puzzle.country2HelpUrl": "http://sr.wikipedia.org/wiki/Немачка",
	"Puzzle.error0": "Савршено!\nСвих %1 блокова је исправно постављено.",
	"Puzzle.country4": "Бразил",
	"Puzzle.error2": "%1 блокова је неисправно постављено.",
	"Puzzle.help": "Помоћ",
	"Puzzle.country1Language": "енглески",
	"Puzzle.country2City1": "Берлин",
	"Puzzle.cities": "градови:",
	"Puzzle.country2City2": "Минхен"
}
