{
	"Maze.pathAhead": "ако постоји пут напред",
	"Maze.maze": "Лавиринт",
	"Apps.hashError": "Жао нам је, '%1' не одговара ни једној сачуваној Блокли датотеци.",
	"Apps.xmlError": "Не могу да учитам датотеку коју сте сачували.  Можда је направљена другом верзијом Блоклија?",
	"Maze.doCode": "ради",
	"Maze.helpOneTopBlock": "На овом нивоу, потребно је да поређаш све блокове у бели радни простор.",
	"Apps.blocklyMessage": "Blockly (Блоклијев)",
	"Maze.ifTooltip": "Ако постоји пут у датом правцу, онда уради следеће.",
	"Apps.httpRequestError": "Настао је проблем при извршењу траженог.",
	"Maze.turnTooltip": "Окреће Штипаљка лево или десно за 90 степени.",
	"Maze.whileTooltip": "Понављај следеће акције док не комплетираш задатак.",
	"Maze.helpWallFollow": "Можеш ли да решиш овај сложени лавиринт? Покшај да се крећеш уз леви зид.",
	"Maze.turnRight": "окрени се десно",
	"Maze.finalLevel": "Честитамо! Решили сте последњи ниво.",
	"Apps.linkAlert": "Делите своје блокове употребом ове везе:\n\n%1",
	"Maze.capacity0": "Број блокова који ти је остао је %0.",
	"Maze.capacity1": "Број блокова који ти је остао је %1.",
	"Maze.capacity2": "Број блокова који ти је остао је %2.",
	"Maze.repeatUntil": "понављај док не",
	"Maze.moveForward": "иди напред",
	"Apps.codeTooltip": "Погледај генерисани JavaScript код.",
	"Maze.pathRight": "ако постоји пут десно",
	"Maze.nextLevel": "Честитамо! Да ли сте спремни да пређете на ниво %1?",
	"Maze.helpStack": "Наређај неколико 'иди напред' блокова да би ми помогао да достигнем циљ.",
	"Maze.helpRepeat": "Рачунари имају ограничену меморију. Дођи до краја пута употребивши само два блока. Искористи 'понављај' да би извршио блок бише пута.",
	"Maze.helpRepeatMany": "Достигни циљ употребом само пет блокова.",
	"Maze.helpIf": "'ако' блок ће урадити нешто једино ако је услов испуњен. Покушај окрет у лево ако постоји пут са леве стране.",
	"Maze.helpIfElse": "Ако-у-супротмом блок урадиће једно или друго.",
	"Apps.runProgram": "Покрени програм",
	"Apps.resetProgram": "Поново постави",
	"Maze.pathLeft": "ако постоји пут лово",
	"Maze.turnLeft": "окрени се лево",
	"Apps.linkTooltip": "Сачувај и повежи са блоковима.",
	"Maze.ifelseTooltip": "Ако постоји пут у датом правцу, онда изврши прву групу акција. У супротном, уради другу групу акција.",
	"Maze.elseCode": "у супротном",
	"Maze.moveForwardTooltip": "Помера Штипаљка једну позицију напред."
}
