{
	"Puzzle.country3City2": "ஷாங்கை",
	"Puzzle.country3City1": "பீஜிங்",
	"Puzzle.country3Language": "சீனர்",
	"Puzzle.checkAnswers": "விடைகளைச் சோதிக்கவும்",
	"Puzzle.language": "மொழி:",
	"Apps.dialogOk": "சரி",
	"Puzzle.country1Language": "ஆங்கிலம்",
	"Puzzle.languageChoose": "தேர்க...",
	"Puzzle.country4City1": "ரியோ டி ஜெனிரோ",
	"Puzzle.country4Language": "போர்ச்சுகீஸ்",
	"Puzzle.flag": "கொடி:",
	"Puzzle.country1City1": "மெல்போர்ன்",
	"Puzzle.country1City2": "சிட்னி",
	"Puzzle.country2Language": "இடாய்ச்சுமொழி (செருமன்)",
	"Puzzle.country3": "சீனா",
	"Puzzle.country2": "ஜெர்மனி",
	"Puzzle.country1": "ஆத்திரேலியா",
	"Puzzle.country4": "பிரேசில்",
	"Puzzle.help": "உதவி",
	"Puzzle.title": "புதிர்",
	"Puzzle.country2City1": "பெர்லின்",
	"Puzzle.cities": "நகரங்கள்:",
	"Puzzle.country2City2": "மூனிச்"
}
