{
	"Puzzle.country3City2": "షాంఘై",
	"Puzzle.country3City1": "బీజింగ్",
	"Puzzle.country3Language": "చైనీ",
	"Puzzle.checkAnswers": "జవాబులను సరిచూడు",
	"Puzzle.language": "భాష:",
	"Apps.dialogOk": "సరే",
	"Puzzle.languageChoose": "ఎంచుకోండి...",
	"Puzzle.country4City1": "రియో డి జనీరో",
	"Puzzle.country4Language": "పోర్చుగీసు",
	"Puzzle.flag": "జెండా:",
	"Puzzle.country1City1": "మెల్‌బోర్న్",
	"Puzzle.country1City2": "సిడ్నీ",
	"Puzzle.country2Language": "జర్మన్",
	"Puzzle.country3": "చైనా",
	"Puzzle.country2": "జర్మనీ",
	"Puzzle.country1": "ఆష్ట్రేలియా",
	"Puzzle.country4": "బ్రెజిల్",
	"Puzzle.help": "సహాయం",
	"Puzzle.country1Language": "ఆంగ్లం",
	"Puzzle.country2City1": "బెర్లిన్",
	"Puzzle.cities": "నగరాలు:",
	"Puzzle.country2City2": "మ్యూనిక్"
}
