{
	"Maze.pathAhead": "ถ้า เส้นทาง ไปข้างหน้า",
	"Maze.maze": "เขาวงกต",
	"Apps.hashError": "ขอโทษด้วย, '%1' ไม่สอดคล้องกับไฟล์ Blockly ที่บันทึกไว้",
	"Apps.xmlError": "ไม่สามารถโหลดไฟล์ที่บันทึกไว้ของคุณได้\nบางทีมันอาจจะถูกสร้างขึ้นด้วย Blockly เวอร์ชันที่แตกต่างกัน?",
	"Maze.doCode": "ทำ",
	"Maze.helpOneTopBlock": "ในระดับนี้ คุณต้องต่อทุกบล็อคเข้าด้วยกันบนพื้นที่ว่างสีขาว",
	"Apps.blocklyMessage": "Blockly (บล็อค-ลี่)",
	"Maze.ifTooltip": "ถ้ามีเส้นทางไปทางทิศทางที่กำหนด แล้วให้กระทำการบางอย่าง",
	"Apps.httpRequestError": "มีปัญหาเกี่ยวกับการร้องขอ",
	"Maze.turnTooltip": "หัน Pegman ไปทางซ้ายหรือขวา 90 องศา",
	"Maze.whileTooltip": "ทำซ้ำทุกการกระทำภายใน จนกว่าจะถึงจุดสิ้นสุด",
	"Maze.helpWallFollow": "คุณสามารถไขปัญหาเขาวงกตที่ซับซ้อนนี้ได้หรือไม่? -> ลองตามผนังด้านซ้ายมือดู",
	"Maze.turnRight": "หัน ขวา",
	"Maze.finalLevel": "ยินดีด้วย! คุณได้ไขปัญหาในระดับสุดท้ายสำเร็จแล้ว",
	"Apps.linkAlert": "แบ่งปันบล็อคต่างๆของคุณด้วยลิงก์นี้:\n\n%1",
	"Maze.capacity0": "คุณมีบล็อคเหลือ %0",
	"Maze.capacity1": "คุณมีบล็อคเหลือ %1",
	"Maze.capacity2": "คุณมีบล็อคเหลือ %2",
	"Maze.repeatUntil": "ทำซ้ำจนกว่าจะ",
	"Maze.moveForward": "เคลื่อน ไปข้างหน้า",
	"Apps.codeTooltip": "ดูโค้ด JavaScript ที่ถูกสร้างขึ้น",
	"Maze.pathRight": "ถ้า เส้นทาง ไปทางขวา",
	"Maze.nextLevel": "ยินดีด้วย! คุณพร้อมที่จะไปต่อที่ระดับ %1 แล้วหรือยัง?",
	"Maze.helpStack": "ต่อบล็อค 'เคลื่อน ไปข้างหน้า' สองอันเข้าด้วยกัน เพื่อช่วยให้ฉันถึงจุดหมายปลายทาง",
	"Maze.helpRepeat": "คอมพิวเตอร์มีหน่วยความจำที่จำกัด -> ไปให้ถึงปลายทางนี้โดยใช้เพียงสองบล็อค -> ใช้ 'ทำซ้ำ' เพื่อเรียกใช้บล็อคมากกว่าหนึ่งครั้ง",
	"Maze.helpRepeatMany": "ถึงจุดหมายปลายทางโดยใช้เพียงห้าบล็อค",
	"Maze.helpIf": "เงื่อนไข 'ถ้า' จะทำอะไรบางอย่างก็ต่อเมื่อเงื่อนไขเป็นจริงเท่านั้น -> ลองหันซ้ายถ้ามีเส้นทางไปทางซ้าย",
	"Maze.helpIfElse": "คำสั่ง 'ถ้า-นอกเหนือจากนี้' จะทำสิ่งหนึ่ง หรือ อื่นๆ",
	"Apps.runProgram": "เรียกใช้โปรแกรม",
	"Apps.resetProgram": " ตั้งค่าใหม่",
	"Maze.pathLeft": "ถ้า เส้นทาง ไปทางซ้าย",
	"Maze.turnLeft": "หัน ซ้าย",
	"Apps.linkTooltip": "บันทึกและเชื่อมโยงไปยังบล็อค",
	"Maze.ifelseTooltip": "ถ้ามีเส้นทางไปทางทิศทางที่ระบุ แล้วให้ทำการกระทำต่างๆภายในบล็อคแรก ไม่เช่นนั้น ให้ทำการกระทำต่างๆภายในบล็อคที่สอง",
	"Maze.elseCode": "นอกเหนือจากนี้",
	"Maze.moveForwardTooltip": "เคลื่อน Pegman ไปข้างหน้า หนึ่งช่อง"
}
