{
	"Puzzle.country3": "ⵛⵛⵉⵏⵡⴰ",
	"Puzzle.country2": "ⵍⴰⵍⵎⴰⵏ",
	"Puzzle.country1": "ⵓⵙⵜⵔⴰⵍⵢⴰ",
	"Puzzle.language": "ⵜⵓⵜⵍⴰⵢⵜ:",
	"Puzzle.flag": "ⴰⵛⵏⵢⴰⵍ",
	"Puzzle.country3City2": "ⵛⴰⵏⴳⵀⴰⵢ",
	"Puzzle.country3City1": "ⴱⵉⴽⵉⵏ",
	"Puzzle.country1Language": "ⵜⵉⵏⴳⵍⵉⵣⵉⵜ",
	"Puzzle.country3Language": "ⵜⴰⵛⵉⵏⵡⵉⵜ",
	"Puzzle.country2City1": "ⴱⵉⵔⵍⵉⵏ",
	"Puzzle.country2City2": "ⵎⵢⵓⵏⵉⵅ",
	"Puzzle.country1City2": "ⵙⵉⴷⵏⵉ",
	"Puzzle.country2Language": "ⵍⴰⵍⵎⴰⵏ"
}
