{
    "@metadata": {
        "authors": [
            "Espertus",
            "Gomoko"
        ]
    },
    "VARIABLES_DEFAULT_NAME": "\u00e9l\u00e9ment",
    "DUPLICATE_BLOCK": "Dupliquer",
    "ADD_COMMENT": "Ajouter un commentaire",
    "REMOVE_COMMENT": "Supprimer un commentaire",
    "EXTERNAL_INPUTS": "Entr\u00e9es externes",
    "INLINE_INPUTS": "Entr\u00e9es en ligne",
    "DELETE_BLOCK": "Supprimer le bloc",
    "DELETE_X_BLOCKS": "Supprimer %1 blocs",
    "COLLAPSE_BLOCK": "R\u00e9duire le bloc",
    "COLLAPSE_ALL": "R\u00e9duire les blocs",
    "EXPAND_BLOCK": "D\u00e9velopper le bloc",
    "EXPAND_ALL": "D\u00e9velopper les blocs",
    "DISABLE_BLOCK": "D\u00e9sactiver le bloc",
    "ENABLE_BLOCK": "Activer le bloc",
    "HELP": "Aide",
    "CHANGE_VALUE_TITLE": "Modifier la valeur :",
    "NEW_VARIABLE": "Nouvelle variable\u2026",
    "NEW_VARIABLE_TITLE": "Nom de la nouvelle variable :",
    "RENAME_VARIABLE": "Renommer la variable\u2026",
    "RENAME_VARIABLE_TITLE": "Renommer toutes les variables '%1' en :",
    "COLOUR_PICKER_HELPURL": "http://fr.wikipedia.org/wiki/Couleur",
    "COLOUR_PICKER_TOOLTIP": "Choisir une couleur dans la palette",
    "COLOUR_RANDOM_TITLE": "couleur al\u00e9atoire",
    "COLOUR_RANDOM_TOOLTIP": "Choisir une couleur au hasard.",
    "COLOUR_RGB_HELPURL": "http://www.december.com/html/spec/colorper.html",
    "COLOUR_RGB_TITLE": "colorer avec",
    "COLOUR_RGB_RED": "rouge",
    "COLOUR_RGB_GREEN": "vert",
    "COLOUR_RGB_BLUE": "bleu",
    "COLOUR_RGB_TOOLTIP": "Cr\u00e9er une couleur avec la quantit\u00e9 sp\u00e9cifi\u00e9e de rouge, vert et bleu. Toutes les valeurs doivent \u00eatre entre 0 et 100.",
    "COLOUR_BLEND_HELPURL": "http://meyerweb.com/eric/tools/color-blend/",
    "COLOUR_BLEND_TITLE": "m\u00e9langer",
    "COLOUR_BLEND_COLOUR1": "couleur 1",
    "COLOUR_BLEND_COLOUR2": "couleur 2",
    "COLOUR_BLEND_RATIO": "ratio",
    "COLOUR_BLEND_TOOLTIP": "M\u00e9lange deux couleurs ensemble avec un ratio donn\u00e9 (0.0 - 1.0).",
    "CONTROLS_REPEAT_HELPURL": "http://en.wikipedia.org/wiki/For_loop",
    "CONTROLS_REPEAT_TITLE": "r\u00e9p\u00e9ter %1 fois",
    "CONTROLS_REPEAT_TITLE_REPEAT": "r\u00e9p\u00e9ter",
    "CONTROLS_REPEAT_TITLE_TIMES": "fois",
    "CONTROLS_REPEAT_INPUT_DO": "faire",
    "CONTROLS_REPEAT_TOOLTIP": "Ex\u00e9cuter certains ordres plusieurs fois.",
    "CONTROLS_WHILEUNTIL_HELPURL": "http://code.google.com/p/blockly/wiki/Repeat",
    "CONTROLS_WHILEUNTIL_OPERATOR_WHILE": "r\u00e9p\u00e9ter tant que",
    "CONTROLS_WHILEUNTIL_OPERATOR_UNTIL": "r\u00e9p\u00e9ter jusqu\u2019\u00e0",
    "CONTROLS_WHILEUNTIL_TOOLTIP_WHILE": "Tant qu\u2019une valeur est vraie, alors ex\u00e9cuter certains ordres.",
    "CONTROLS_WHILEUNTIL_TOOLTIP_UNTIL": "Tant qu\u2019une valeur est fausse, alors ex\u00e9cuter certains ordres.",
    "CONTROLS_FOR_HELPURL": "https://code.google.com/p/blockly/wiki/Loops#count_with",
    "CONTROLS_FOR_TOOLTIP": "Faire en sorte que la variable %1 prenne les valeurs depuis le num\u00e9ro de d\u00e9but jusqu\u2019au num\u00e9ro de fin, en s\u2019incr\u00e9mentant de l\u2019intervalle sp\u00e9cifi\u00e9, et ex\u00e9cuter les ordres sp\u00e9cifi\u00e9s.",
    "CONTROLS_FOR_INPUT_WITH": "compter avec",
    "CONTROLS_FOR_INPUT_FROM_TO_BY": "de %1 \u00e0 %2 par %3",
    "CONTROLS_FOREACH_HELPURL": "https://code.google.com/p/blockly/wiki/Loops#for_each pour chaque bloc",
    "CONTROLS_FOREACH_INPUT_ITEM": "pour chaque \u00e9l\u00e9ment",
    "CONTROLS_FOREACH_INPUT_INLIST": "dans la liste",
    "CONTROLS_FOREACH_TOOLTIP": "Pour chaque \u00e9l\u00e9ment dans une liste, donner la valeur de l\u2019\u00e9l\u00e9ment \u00e0 la variable '%1', puis ex\u00e9cuter certains ordres.",
    "CONTROLS_FLOW_STATEMENTS_HELPURL": "https://code.google.com/p/blockly/wiki/Loops#Loop_Termination_Blocks",
    "CONTROLS_FLOW_STATEMENTS_OPERATOR_BREAK": "sortir de la boucle",
    "CONTROLS_FLOW_STATEMENTS_OPERATOR_CONTINUE": "continuer avec la prochaine it\u00e9ration de la boucle",
    "CONTROLS_FLOW_STATEMENTS_TOOLTIP_BREAK": "Sortir de la boucle englobante.",
    "CONTROLS_FLOW_STATEMENTS_TOOLTIP_CONTINUE": "Sauter le reste de cette boucle, et poursuivre avec l\u2019it\u00e9ration suivante.",
    "CONTROLS_FLOW_STATEMENTS_WARNING": "Attention : Ce bloc ne devrait \u00eatre utilis\u00e9 que dans une boucle.",
    "CONTROLS_IF_HELPURL": "http://code.google.com/p/blockly/wiki/If_Then",
    "CONTROLS_IF_TOOLTIP_1": "Si une valeur est vraie, alors ex\u00e9cuter certains ordres.",
    "CONTROLS_IF_TOOLTIP_2": "Si une valeur est vraie, alors ex\u00e9cuter le premier bloc d\u2019ordres. Sinon, ex\u00e9cuter le second bloc d\u2019ordres.",
    "CONTROLS_IF_TOOLTIP_3": "Si la premi\u00e8re valeur est vraie, alors ex\u00e9cuter le premier bloc d\u2019ordres. Sinon, si la seconde valeur est vraie, ex\u00e9cuter le second bloc d\u2019ordres.",
    "CONTROLS_IF_TOOLTIP_4": "Si la premi\u00e8re valeur est vraie, alors ex\u00e9cuter le premier bloc d\u2019ordres. Sinon, si la seconde valeur est vraie, ex\u00e9cuter le second bloc d\u2019ordres. Si aucune des valeurs n\u2019est vraie, ex\u00e9cuter le dernier bloc d\u2019ordres.",
    "CONTROLS_IF_MSG_IF": "si",
    "CONTROLS_IF_MSG_ELSEIF": "sinon si",
    "CONTROLS_IF_MSG_ELSE": "sinon",
    "CONTROLS_IF_IF_TOOLTIP": "Ajouter, supprimer ou r\u00e9ordonner les sections pour reconfigurer ce bloc si.",
    "CONTROLS_IF_ELSEIF_TOOLTIP": "Ajouter une condition au bloc si.",
    "CONTROLS_IF_ELSE_TOOLTIP": "Ajouter une condition finale fourre-tout au bloc si.",
    "LOGIC_COMPARE_HELPURL": "http://en.wikipedia.org/wiki/Inequality_(mathematics)",
    "LOGIC_COMPARE_TOOLTIP_EQ": "Renvoyer vrai si les deux entr\u00e9es sont \u00e9gales.",
    "LOGIC_COMPARE_TOOLTIP_NEQ": "Renvoyer vrai si les deux entr\u00e9es ne sont pas \u00e9gales.",
    "LOGIC_COMPARE_TOOLTIP_LT": "Renvoyer vrai si la premi\u00e8re entr\u00e9e est plus petite que la seconde.",
    "LOGIC_COMPARE_TOOLTIP_LTE": "Renvoyer vrai si la premi\u00e8re entr\u00e9e est plus petite ou \u00e9gale \u00e0 la seconde.",
    "LOGIC_COMPARE_TOOLTIP_GT": "Renvoyer vrai si la premi\u00e8re entr\u00e9e est plus grande que la seconde.",
    "LOGIC_COMPARE_TOOLTIP_GTE": "Renvoyer vrai si la premi\u00e8re entr\u00e9e est plus grande ou \u00e9gale \u00e0 la seconde.",
    "LOGIC_OPERATION_HELPURL": "http://code.google.com/p/blockly/wiki/And_Or",
    "LOGIC_OPERATION_TOOLTIP_AND": "Renvoyer vrai si les deux entr\u00e9es sont vraies.",
    "LOGIC_OPERATION_AND": "et",
    "LOGIC_OPERATION_TOOLTIP_OR": "Renvoyer vrai si au moins une des entr\u00e9es est vraie.",
    "LOGIC_OPERATION_OR": "ou",
    "LOGIC_NEGATE_HELPURL": "http://code.google.com/p/blockly/wiki/Not",
    "LOGIC_NEGATE_TITLE": "pas %1",
    "LOGIC_NEGATE_TOOLTIP": "Renvoie vrai si l\u2019entr\u00e9e est fausse. Renvoie faux si l\u2019entr\u00e9e est vraie.",
    "LOGIC_BOOLEAN_HELPURL": "http://code.google.com/p/blockly/wiki/True_False",
    "LOGIC_BOOLEAN_TRUE": "vrai",
    "LOGIC_BOOLEAN_FALSE": "faux",
    "LOGIC_BOOLEAN_TOOLTIP": "Renvoie soit vrai soit faux.",
    "LOGIC_NULL_HELPURL": "http://en.wikipedia.org/wiki/Nullable_type",
    "LOGIC_NULL": "nul",
    "LOGIC_NULL_TOOLTIP": "Renvoie nul.",
    "LOGIC_TERNARY_HELPURL": "http://en.wikipedia.org/wiki/%3F:",
    "LOGIC_TERNARY_CONDITION": "test",
    "LOGIC_TERNARY_IF_TRUE": "si vrai",
    "LOGIC_TERNARY_IF_FALSE": "si faux",
    "LOGIC_TERNARY_TOOLTIP": "V\u00e9rifier la condition dans 'test'. Si elle est vraie, renvoie la valeur 'si vrai'\u202f; sinon renvoie la valeur 'si faux'.",
    "MATH_NUMBER_HELPURL": "http://en.wikipedia.org/wiki/Number",
    "MATH_NUMBER_TOOLTIP": "Un nombre.",
    "MATH_ARITHMETIC_HELPURL": "http://en.wikipedia.org/wiki/Arithmetic",
    "MATH_ARITHMETIC_TOOLTIP_ADD": "Renvoie la somme des deux nombres.",
    "MATH_ARITHMETIC_TOOLTIP_MINUS": "Renvoie la diff\u00e9rence des deux nombres.",
    "MATH_ARITHMETIC_TOOLTIP_MULTIPLY": "Renvoie le produit des deux nombres.",
    "MATH_ARITHMETIC_TOOLTIP_DIVIDE": "Renvoie le quotient des deux nombres.",
    "MATH_ARITHMETIC_TOOLTIP_POWER": "Renvoie le premier nombre \u00e9lev\u00e9 \u00e0 la puissance du second.",
    "MATH_SINGLE_HELPURL": "http://en.wikipedia.org/wiki/Square_root",
    "MATH_SINGLE_OP_ROOT": "racine carr\u00e9e",
    "MATH_SINGLE_TOOLTIP_ROOT": "Renvoie la racine carr\u00e9e d\u2019un nombre.",
    "MATH_SINGLE_OP_ABSOLUTE": "absolu",
    "MATH_SINGLE_TOOLTIP_ABS": "Renvoie la valeur absolue d\u2019un nombre.",
    "MATH_SINGLE_TOOLTIP_NEG": "Renvoie l\u2019oppos\u00e9 d\u2019un nombre",
    "MATH_SINGLE_TOOLTIP_LN": "Renvoie le logarithme naturel d\u2019un nombre.",
    "MATH_SINGLE_TOOLTIP_LOG10": "Renvoie le logarithme base 10 d\u2019un nombre.",
    "MATH_SINGLE_TOOLTIP_EXP": "Renvoie e \u00e0 la puissance d\u2019un nombre.",
    "MATH_SINGLE_TOOLTIP_POW10": "Renvoie 10 \u00e0 la puissance d\u2019un nombre.",
    "MATH_TRIG_HELPURL": "http://en.wikipedia.org/wiki/Trigonometric_functions",
    "MATH_TRIG_TOOLTIP_SIN": "Renvoie le sinus d\u2019un angle en degr\u00e9s (pas en radians).",
    "MATH_TRIG_TOOLTIP_COS": "Renvoie le cosinus d\u2019un angle en degr\u00e9s (pas en radians).",
    "MATH_TRIG_TOOLTIP_TAN": "Renvoie la tangente d\u2019un angle en degr\u00e9s (pas en radians).",
    "MATH_TRIG_TOOLTIP_ASIN": "Renvoie l\u2019arcsinus d\u2019un nombre.",
    "MATH_TRIG_TOOLTIP_ACOS": "Renvoie l\u2019arccosinus d\u2019un nombre.",
    "MATH_TRIG_TOOLTIP_ATAN": "Renvoie l\u2019arctangente d\u2019un nombre.",
    "MATH_CONSTANT_HELPURL": "http://en.wikipedia.org/wiki/Mathematical_constant",
    "MATH_CONSTANT_TOOLTIP": "Renvoie une des constantes courantes : \u03c0 (3.141\u2026), e (2.718\u2026), \u03c6 (1.618\u2026), sqrt(2) (1.414\u2026), sqrt(\u00bd) (0.707\u2026), ou \u221e (infini).",
    "MATH_IS_EVEN": "est pair",
    "MATH_IS_ODD": "est impair",
    "MATH_IS_PRIME": "est premier",
    "MATH_IS_WHOLE": "est entier",
    "MATH_IS_POSITIVE": "est positif",
    "MATH_IS_NEGATIVE": "est n\u00e9gatif",
    "MATH_IS_DIVISIBLE_BY": "est divisible par",
    "MATH_IS_TOOLTIP": "V\u00e9rifier si un nombre est pair, impair, premier, entier, positif, n\u00e9gatif, ou s\u2019il est divisible par un certain nombre. Renvoie vrai ou faux.",
    "MATH_CHANGE_HELPURL": "http://en.wikipedia.org/wiki/Programming_idiom#Incrementing_a_counter",
    "MATH_CHANGE_TITLE_CHANGE": "incr\u00e9menter",
    "MATH_CHANGE_INPUT_BY": "de",
    "MATH_CHANGE_TOOLTIP": "Ajouter un nombre \u00e0 la variable '%1'.",
    "MATH_ROUND_HELPURL": "http://en.wikipedia.org/wiki/Rounding",
    "MATH_ROUND_TOOLTIP": "Arrondir un nombre au-dessus ou au-dessous.",
    "MATH_ROUND_OPERATOR_ROUND": "arrondir",
    "MATH_ROUND_OPERATOR_ROUNDUP": "arrondir au sup\u00e9rieur",
    "MATH_ROUND_OPERATOR_ROUNDDOWN": "arrondir \u00e0 l\u2019inf\u00e9rieur",
    "MATH_ONLIST_OPERATOR_SUM": "somme de la liste",
    "MATH_ONLIST_TOOLTIP_SUM": "Renvoyer la somme de tous les nombres dans la liste.",
    "MATH_ONLIST_OPERATOR_MIN": "minimum de la liste",
    "MATH_ONLIST_TOOLTIP_MIN": "Renvoyer le plus petit nombre dans la liste.",
    "MATH_ONLIST_OPERATOR_MAX": "maximum de la liste",
    "MATH_ONLIST_TOOLTIP_MAX": "Renvoyer le plus grand nombre dans la liste.",
    "MATH_ONLIST_OPERATOR_AVERAGE": "moyenne de la liste",
    "MATH_ONLIST_TOOLTIP_AVERAGE": "Renvoyer la moyenne (arithm\u00e9tique) des valeurs num\u00e9riques dans la liste.",
    "MATH_ONLIST_OPERATOR_MEDIAN": "m\u00e9diane de la liste",
    "MATH_ONLIST_TOOLTIP_MEDIAN": "Renvoyer le nombre m\u00e9dian dans la liste.",
    "MATH_ONLIST_OPERATOR_MODE": "majoritaires de la liste",
    "MATH_ONLIST_TOOLTIP_MODE": "Renvoyer une liste des \u00e9l\u00e9ment(s) le(s) plus courant(s) dans la liste.",
    "MATH_ONLIST_OPERATOR_STD_DEV": "\u00e9cart-type de la liste",
    "MATH_ONLIST_TOOLTIP_STD_DEV": "Renvoyer l\u2019\u00e9cart-type de la liste.",
    "MATH_ONLIST_OPERATOR_RANDOM": "\u00e9l\u00e9ment al\u00e9atoire de la liste",
    "MATH_ONLIST_TOOLTIP_RANDOM": "Renvoyer un \u00e9l\u00e9ment dans la liste au hasard.",
    "MATH_MODULO_HELPURL": "http://en.wikipedia.org/wiki/Modulo_operation",
    "MATH_MODULO_TITLE": "reste de %1 \u00f7 %2",
    "MATH_MODULO_TOOLTIP": "Renvoyer le reste de la division des deux nombres.",
    "MATH_CONSTRAIN_TITLE": "contraindre %1 entre %2 et %3",
    "MATH_CONSTRAIN_TOOLTIP": "Contraindre un nombre \u00e0 \u00eatre entre les limites sp\u00e9cifi\u00e9es (incluses).",
    "MATH_RANDOM_INT_HELPURL": "http://en.wikipedia.org/wiki/Random_number_generation",
    "MATH_RANDOM_INT_TITLE": "entier al\u00e9atoire entre %1 et %2",
    "MATH_RANDOM_INT_TOOLTIP": "Renvoyer un entier al\u00e9atoire entre les deux limites sp\u00e9cifi\u00e9es, incluses.",
    "MATH_RANDOM_FLOAT_HELPURL": "http://en.wikipedia.org/wiki/Random_number_generation",
    "MATH_RANDOM_FLOAT_TITLE_RANDOM": "fraction al\u00e9atoire",
    "MATH_RANDOM_FLOAT_TOOLTIP": "Renvoyer une fraction al\u00e9atoire entre 0.0 (inclus) et 1.0 (exclus).",
    "TEXT_TEXT_HELPURL": "http://en.wikipedia.org/wiki/String_(computer_science)",
    "TEXT_TEXT_TOOLTIP": "Une lettre, un mot ou une ligne de texte.",
    "TEXT_JOIN_TITLE_CREATEWITH": "cr\u00e9er le texte avec",
    "TEXT_JOIN_TOOLTIP": "Cr\u00e9er un morceau de texte en agr\u00e9geant un nombre quelconque d\u2019\u00e9l\u00e9ments.",
    "TEXT_CREATE_JOIN_TITLE_JOIN": "joindre",
    "TEXT_CREATE_JOIN_TOOLTIP": "Ajouter, supprimer, ou r\u00e9ordonner des sections pour reconfigurer ce bloc de texte.",
    "TEXT_CREATE_JOIN_ITEM_TOOLTIP": "Ajouter un \u00e9l\u00e9ment au texte.",
    "TEXT_APPEND_TO": "\u00e0",
    "TEXT_APPEND_APPENDTEXT": "ajouter le texte",
    "TEXT_APPEND_TOOLTIP": "Ajouter du texte \u00e0 la variable '%1'.",
    "TEXT_LENGTH_TITLE": "longueur de %1",
    "TEXT_LENGTH_TOOLTIP": "Renvoie le nombre de lettres (espaces compris) dans le texte fourni.",
    "TEXT_ISEMPTY_TITLE": "%1 est vide",
    "TEXT_ISEMPTY_TOOLTIP": "Renvoie vrai si le texte fourni est vide.",
    "TEXT_INDEXOF_TOOLTIP": "Renvoie l\u2019index de la premi\u00e8re/derni\u00e8re occurrence de la premi\u00e8re cha\u00eene dans la seconde. Renvoie 0 si la cha\u00eene n\u2019est pas trouv\u00e9e.",
    "TEXT_INDEXOF_INPUT_INTEXT": "dans le texte",
    "TEXT_INDEXOF_OPERATOR_FIRST": "trouver la premi\u00e8re occurrence de la cha\u00eene",
    "TEXT_INDEXOF_OPERATOR_LAST": "trouver la derni\u00e8re occurrence de la cha\u00eene",
    "TEXT_CHARAT_INPUT_INTEXT": "dans le texte",
    "TEXT_CHARAT_FROM_START": "obtenir la lettre #",
    "TEXT_CHARAT_FROM_END": "obtenir la lettre # depuis la fin",
    "TEXT_CHARAT_FIRST": "obtenir la premi\u00e8re lettre",
    "TEXT_CHARAT_LAST": "obtenir la derni\u00e8re lettre",
    "TEXT_CHARAT_RANDOM": "obtenir une lettre au hasard",
    "TEXT_CHARAT_TOOLTIP": "Renvoie la lettre \u00e0 la position indiqu\u00e9e.",
    "TEXT_GET_SUBSTRING_TOOLTIP": "Renvoie une partie indiqu\u00e9e du texte.",
    "TEXT_GET_SUBSTRING_INPUT_IN_TEXT": "dans le texte",
    "TEXT_GET_SUBSTRING_START_FROM_START": "obtenir la sous-cha\u00eene depuis la lettre #",
    "TEXT_GET_SUBSTRING_START_FROM_END": "obtenir la sous-cha\u00eene depuis la lettre # depuis la fin",
    "TEXT_GET_SUBSTRING_START_FIRST": "obtenir la sous-cha\u00eene depuis la premi\u00e8re lettre",
    "TEXT_GET_SUBSTRING_END_FROM_START": "jusqu\u2019\u00e0 la lettre #",
    "TEXT_GET_SUBSTRING_END_FROM_END": "jusqu\u2019\u00e0 la lettre # depuis la fin",
    "TEXT_GET_SUBSTRING_END_LAST": "jusqu\u2019\u00e0 la derni\u00e8re lettre",
    "TEXT_CHANGECASE_TOOLTIP": "Renvoyer une copie du texte dans une autre casse.",
    "TEXT_CHANGECASE_OPERATOR_UPPERCASE": "en MAJUSCULES",
    "TEXT_CHANGECASE_OPERATOR_LOWERCASE": "en minuscules",
    "TEXT_CHANGECASE_OPERATOR_TITLECASE": "en Majuscule Au D\u00e9but De Chaque Mot",
    "TEXT_TRIM_TOOLTIP": "Renvoyer une copie du texte avec les espaces supprim\u00e9s d\u2019un bout ou des deux.",
    "TEXT_TRIM_OPERATOR_BOTH": "supprimer les espaces des deux c\u00f4t\u00e9s",
    "TEXT_TRIM_OPERATOR_LEFT": "supprimer les espaces du c\u00f4t\u00e9 gauche",
    "TEXT_TRIM_OPERATOR_RIGHT": "supprimer les espaces du c\u00f4t\u00e9 droit",
    "TEXT_PRINT_TITLE": "afficher %1",
    "TEXT_PRINT_TOOLTIP": "Afficher le texte, le nombre ou une autre valeur sp\u00e9cifi\u00e9.",
    "TEXT_PROMPT_TYPE_TEXT": "invite pour un texte avec un message",
    "TEXT_PROMPT_TYPE_NUMBER": "invite pour un nombre avec un message",
    "TEXT_PROMPT_TOOLTIP_NUMBER": "Demander un nombre \u00e0 l\u2019utilisateur.",
    "TEXT_PROMPT_TOOLTIP_TEXT": "Demander un texte \u00e0 l\u2019utilisateur.",
    "LISTS_CREATE_EMPTY_TITLE": "cr\u00e9er une liste vide",
    "LISTS_CREATE_EMPTY_TOOLTIP": "Renvoyer une liste, de longueur 0, ne contenant aucun enregistrement",
    "LISTS_CREATE_WITH_TOOLTIP": "Cr\u00e9er une liste avec un nombre quelconque d\u2019\u00e9l\u00e9ments.",
    "LISTS_CREATE_WITH_INPUT_WITH": "cr\u00e9er une liste avec",
    "LISTS_CREATE_WITH_CONTAINER_TITLE_ADD": "liste",
    "LISTS_CREATE_WITH_CONTAINER_TOOLTIP": "Ajouter, supprimer, ou r\u00e9ordonner les sections pour reconfigurer ce bloc de liste.",
    "LISTS_CREATE_WITH_ITEM_TOOLTIP": "Ajouter un \u00e9l\u00e9ment \u00e0 la liste.",
    "LISTS_REPEAT_TOOLTIP": "Cr\u00e9e une liste consistant en la valeur fournie r\u00e9p\u00e9t\u00e9e le nombre de fois indiqu\u00e9.",
    "LISTS_REPEAT_TITLE": "cr\u00e9er une liste avec l\u2019\u00e9l\u00e9ment %1 r\u00e9p\u00e9t\u00e9 %2 fois",
    "LISTS_LENGTH_TITLE": "longueur de %1",
    "LISTS_LENGTH_TOOLTIP": "Renvoie la longueur d\u2019une liste.",
    "LISTS_IS_EMPTY_TITLE": "%1 est vide",
    "LISTS_TOOLTIP": "Renvoie vrai si la liste est vide.",
    "LISTS_INLIST": "dans la liste",
    "LISTS_INDEX_OF_FIRST": "trouver la premi\u00e8re occurrence de l\u2019\u00e9l\u00e9ment",
    "LISTS_INDEX_OF_LAST": "trouver la derni\u00e8re occurrence de l\u2019\u00e9l\u00e9ment",
    "LISTS_INDEX_OF_TOOLTIP": "Renvoie l\u2019index de la premi\u00e8re/derni\u00e8re occurrence de l\u2019\u00e9l\u00e9ment dans la liste. Renvoie 0 si le texte n\u2019est pas trouv\u00e9.",
    "LISTS_GET_INDEX_GET": "obtenir",
    "LISTS_GET_INDEX_GET_REMOVE": "obtenir et supprimer",
    "LISTS_GET_INDEX_REMOVE": "supprimer",
    "LISTS_GET_INDEX_FROM_END": "# depuis la fin",
    "LISTS_GET_INDEX_FIRST": "premier",
    "LISTS_GET_INDEX_LAST": "dernier",
    "LISTS_GET_INDEX_RANDOM": "al\u00e9atoire",
    "LISTS_GET_INDEX_TOOLTIP_GET_FROM_START": "Renvoie l\u2019\u00e9l\u00e9ment \u00e0 la position indiqu\u00e9e dans une liste. #1 est le premier \u00e9l\u00e9ment.",
    "LISTS_GET_INDEX_TOOLTIP_GET_FROM_END": "Renvoie l\u2019\u00e9l\u00e9ment \u00e0 la position indiqu\u00e9e dans une liste. #1 est le dernier \u00e9l\u00e9ment.",
    "LISTS_GET_INDEX_TOOLTIP_GET_FIRST": "Renvoie le premier \u00e9l\u00e9ment dans une liste.",
    "LISTS_GET_INDEX_TOOLTIP_GET_LAST": "Renvoie le dernier \u00e9l\u00e9ment dans une liste.",
    "LISTS_GET_INDEX_TOOLTIP_GET_RANDOM": "Renvoie un \u00e9l\u00e9ment au hasard dans une liste.",
    "LISTS_GET_INDEX_TOOLTIP_GET_REMOVE_FROM_START": "Supprime et renvoie l\u2019\u00e9l\u00e9ment \u00e0 la position indiqu\u00e9e dans une liste. #1 est le premier \u00e9l\u00e9ment.",
    "LISTS_GET_INDEX_TOOLTIP_GET_REMOVE_FROM_END": "Supprime et renvoie l\u2019\u00e9l\u00e9ment \u00e0 la position indiqu\u00e9e dans une liste. #1 est le dernier \u00e9l\u00e9ment.",
    "LISTS_GET_INDEX_TOOLTIP_GET_REMOVE_FIRST": "Supprime et renvoie le premier \u00e9l\u00e9ment dans une liste.",
    "LISTS_GET_INDEX_TOOLTIP_GET_REMOVE_LAST": "Supprime et renvoie le dernier \u00e9l\u00e9ment dans une liste.",
    "LISTS_GET_INDEX_TOOLTIP_GET_REMOVE_RANDOM": "Supprime et renvoie un \u00e9l\u00e9ment au hasard dans une liste.",
    "LISTS_GET_INDEX_TOOLTIP_REMOVE_FROM_START": "Supprime l\u2019\u00e9l\u00e9ment \u00e0 la position indiqu\u00e9e dans une liste. #1 est le premier \u00e9l\u00e9ment.",
    "LISTS_GET_INDEX_TOOLTIP_REMOVE_FROM_END": "Supprime l\u2019\u00e9l\u00e9ment \u00e0 la position indiqu\u00e9e dans une liste. #1 est le dernier \u00e9l\u00e9ment.",
    "LISTS_GET_INDEX_TOOLTIP_REMOVE_FIRST": "Supprime le premier \u00e9l\u00e9ment dans une liste.",
    "LISTS_GET_INDEX_TOOLTIP_REMOVE_LAST": "Supprime le dernier \u00e9l\u00e9ment dans une liste.",
    "LISTS_GET_INDEX_TOOLTIP_REMOVE_RANDOM": "Supprime un \u00e9l\u00e9ment au hasard dans une liste.",
    "LISTS_SET_INDEX_SET": "mettre",
    "LISTS_SET_INDEX_INSERT": "ins\u00e9rer en",
    "LISTS_SET_INDEX_INPUT_TO": "comme",
    "LISTS_SET_INDEX_TOOLTIP_SET_FROM_START": "Fixe l\u2019\u00e9l\u00e9ment \u00e0 la position indiqu\u00e9e dans une liste. #1 est le premier \u00e9l\u00e9ment.",
    "LISTS_SET_INDEX_TOOLTIP_SET_FROM_END": "Fixe l\u2019\u00e9l\u00e9ment \u00e0 la position indiqu\u00e9e dans une liste. #1 est le dernier \u00e9l\u00e9ment.",
    "LISTS_SET_INDEX_TOOLTIP_SET_FIRST": "Fixe le premier \u00e9l\u00e9ment dans une liste.",
    "LISTS_SET_INDEX_TOOLTIP_SET_LAST": "Fixe le dernier \u00e9l\u00e9ment dans une liste.",
    "LISTS_SET_INDEX_TOOLTIP_SET_RANDOM": "Fixe un \u00e9l\u00e9ment au hasard dans une liste.",
    "LISTS_SET_INDEX_TOOLTIP_INSERT_FROM_START": "Ins\u00e8re l\u2019\u00e9l\u00e9ment \u00e0 la position indiqu\u00e9e dans une liste. #1 est le premier \u00e9l\u00e9ment.",
    "LISTS_SET_INDEX_TOOLTIP_INSERT_FROM_END": "Ins\u00e8re l\u2019\u00e9l\u00e9ment \u00e0 la position indiqu\u00e9e dans une liste. #1 est le dernier \u00e9l\u00e9ment.",
    "LISTS_SET_INDEX_TOOLTIP_INSERT_FIRST": "Ins\u00e8re l\u2019\u00e9l\u00e9ment au d\u00e9but d\u2019une liste.",
    "LISTS_SET_INDEX_TOOLTIP_INSERT_LAST": "Ajouter l\u2019\u00e9l\u00e9ment \u00e0 la fin d\u2019une liste.",
    "LISTS_SET_INDEX_TOOLTIP_INSERT_RANDOM": "Ins\u00e8re l\u2019\u00e9l\u00e9ment au hasard dans une liste.",
    "LISTS_GET_SUBLIST_START_FROM_START": "obtenir la sous-liste depuis #",
    "LISTS_GET_SUBLIST_START_FROM_END": "obtenir la sous-liste depuis # depuis la fin",
    "LISTS_GET_SUBLIST_START_FIRST": "obtenir la sous-liste depuis le d\u00e9but",
    "LISTS_GET_SUBLIST_END_FROM_START": "jusqu\u2019\u00e0 #",
    "LISTS_GET_SUBLIST_END_FROM_END": "jusqu\u2019\u00e0 # depuis la fin",
    "LISTS_GET_SUBLIST_END_LAST": "jusqu\u2019\u00e0 la fin",
    "LISTS_GET_SUBLIST_TOOLTIP": "Cr\u00e9e une copie de la partie sp\u00e9cifi\u00e9e d\u2019une liste.",
    "VARIABLES_GET_TOOLTIP": "Renvoie la valeur de cette variable.",
    "VARIABLES_GET_CREATE_SET": "Cr\u00e9er 'fixer %1'",
    "VARIABLES_SET_TITLE": "fixer",
    "VARIABLES_SET_TAIL": "\u00e0",
    "VARIABLES_SET_TOOLTIP": "Fixe cette variable pour qu\u2019elle soit \u00e9gale \u00e0 la valeur de l\u2019entr\u00e9e.",
    "VARIABLES_SET_CREATE_GET": "Cr\u00e9er 'obtenir %1'",
    "PROCEDURES_DEFNORETURN_TITLE": "\u00e0",
    "PROCEDURES_DEFNORETURN_PROCEDURE": "faire quelque chose",
    "PROCEDURES_BEFORE_PARAMS": "avec :",
    "PROCEDURES_DEFNORETURN_TOOLTIP": "Cr\u00e9e une fonction sans sortie.",
    "PROCEDURES_DEFRETURN_RETURN": "retour",
    "PROCEDURES_DEFRETURN_TOOLTIP": "Cr\u00e9e une fonction avec une sortie.",
    "PROCEDURES_DEF_DUPLICATE_WARNING": "Attention : Cette fonction a des param\u00e8tres dupliqu\u00e9s.",
    "PROCEDURES_CALLNORETURN_HELPURL": "http://en.wikipedia.org/wiki/Procedure_%28computer_science%29",
    "PROCEDURES_CALLNORETURN_TOOLTIP": "Ex\u00e9cuter la fonction '%1' d\u00e9finie par l\u2019utilisateur.",
    "PROCEDURES_CALLRETURN_HELPURL": "http://en.wikipedia.org/wiki/Procedure_%28computer_science%29",
    "PROCEDURES_CALLRETURN_TOOLTIP": "Ex\u00e9cuter la fonction '%1' d\u00e9finie par l\u2019utilisateur et utiliser son r\u00e9sultat.",
    "PROCEDURES_MUTATORCONTAINER_TITLE": "entr\u00e9es",
    "PROCEDURES_MUTATORARG_TITLE": "nom de l\u2019entr\u00e9e :",
    "PROCEDURES_HIGHLIGHT_DEF": "Surligner la d\u00e9finition de la fonction",
    "PROCEDURES_CREATE_DO": "Cr\u00e9er '%1'",
    "PROCEDURES_IFRETURN_TOOLTIP": "Si une valeur est vraie, alors renvoyer une seconde valeur.",
    "PROCEDURES_IFRETURN_WARNING": "Attention : Ce bloc pourrait n\u2019\u00eatre utilis\u00e9 que dans une d\u00e9finition de fonction."
}