{
    "@metadata": {
        "authors": [
            "McDutchie"
        ]
    },
    "VARIABLES_DEFAULT_NAME": "cosa",
    "DUPLICATE_BLOCK": "Duplicar",
    "ADD_COMMENT": "Adder commento",
    "REMOVE_COMMENT": "Remover commento",
    "EXTERNAL_INPUTS": "Entrata externe",
    "INLINE_INPUTS": "Entrata interne",
    "DELETE_BLOCK": "Deler bloco",
    "DELETE_X_BLOCKS": "Deler %1 blocos",
    "COLLAPSE_BLOCK": "Plicar bloco",
    "COLLAPSE_ALL": "Plicar blocos",
    "EXPAND_BLOCK": "Displicar bloco",
    "EXPAND_ALL": "Displicar blocos",
    "DISABLE_BLOCK": "Disactivar bloco",
    "ENABLE_BLOCK": "Activar bloco",
    "HELP": "Adjuta",
    "CHANGE_VALUE_TITLE": "Cambiar valor:",
    "NEW_VARIABLE": "Nove variabile...",
    "NEW_VARIABLE_TITLE": "Nomine del nove variabile:",
    "RENAME_VARIABLE": "Renominar variabile...",
    "RENAME_VARIABLE_TITLE": "Renominar tote le variabiles '%1' a:",
    "COLOUR_PICKER_HELPURL": "http://ia.wikipedia.org/wiki/Color",
    "COLOUR_PICKER_TOOLTIP": "Elige un color del paletta.",
    "COLOUR_RANDOM_TITLE": "color aleatori",
    "COLOUR_RANDOM_TOOLTIP": "Eliger un color al hasardo.",
    "COLOUR_RGB_TITLE": "colorar con",
    "COLOUR_RGB_RED": "rubie",
    "COLOUR_RGB_GREEN": "verde",
    "COLOUR_RGB_BLUE": "blau",
    "COLOUR_RGB_TOOLTIP": "Crear un color con le quantitate specificate de rubie, verde e blau. Tote le valores debe esser inter 0 e 100.",
    "COLOUR_BLEND_TITLE": "miscer",
    "COLOUR_BLEND_COLOUR1": "color 1",
    "COLOUR_BLEND_COLOUR2": "color 2",
    "COLOUR_BLEND_RATIO": "ration",
    "COLOUR_BLEND_TOOLTIP": "Misce duo colores con un ration specificate (0.0 - 1.0).",
    "CONTROLS_REPEAT_HELPURL": "http://en.wikipedia.org/wiki/For_loop",
    "CONTROLS_REPEAT_TITLE": "repeter %1 vices",
    "CONTROLS_REPEAT_TITLE_REPEAT": "repeter",
    "CONTROLS_REPEAT_TITLE_TIMES": "vices",
    "CONTROLS_REPEAT_INPUT_DO": "face",
    "CONTROLS_REPEAT_TOOLTIP": "Exequer certe instructiones plure vices.",
    "CONTROLS_WHILEUNTIL_OPERATOR_WHILE": "repeter durante que",
    "CONTROLS_WHILEUNTIL_OPERATOR_UNTIL": "repeter usque a",
    "CONTROLS_WHILEUNTIL_TOOLTIP_WHILE": "Durante que un valor es ver, exequer certe instructiones.",
    "CONTROLS_WHILEUNTIL_TOOLTIP_UNTIL": "Durante que un valor es false, exequer certe instructiones.",
    "CONTROLS_FOR_TOOLTIP": "Mitter in le variabile %1 le valores ab le numero initial usque al numero final, con passos secundo le intervallo specificate, e exequer le blocos specificate.",
    "CONTROLS_FOR_INPUT_WITH": "contar con",
    "CONTROLS_FOR_INPUT_FROM_TO_BY": "de %1 a %2 per %3",
    "CONTROLS_FOREACH_INPUT_ITEM": "pro cata elemento",
    "CONTROLS_FOREACH_INPUT_INLIST": "in lista",
    "CONTROLS_FOREACH_TOOLTIP": "Pro cata elemento in un lista, mitter lo in le variabile '%1' e exequer certe instructiones.",
    "CONTROLS_FLOW_STATEMENTS_OPERATOR_BREAK": "escappar del bucla",
    "CONTROLS_FLOW_STATEMENTS_OPERATOR_CONTINUE": "continuar con le proxime iteration del bucla",
    "CONTROLS_FLOW_STATEMENTS_TOOLTIP_BREAK": "Escappar del bucla continente.",
    "CONTROLS_FLOW_STATEMENTS_TOOLTIP_CONTINUE": "Saltar le resto de iste bucla e continuar con le proxime iteration.",
    "CONTROLS_FLOW_STATEMENTS_WARNING": "Attention: Iste bloco pote solmente esser usate in un bucla.",
    "CONTROLS_IF_TOOLTIP_1": "Si un valor es ver, exequer certe instructiones.",
    "CONTROLS_IF_TOOLTIP_2": "Si un valor es ver, exequer le prime bloco de instructiones. Si non, exequer le secunde bloco de instructiones.",
    "CONTROLS_IF_TOOLTIP_3": "Si le prime valor es ver, exequer le prime bloco de instructiones. Si non, si le secunde valor es ver, exequer le secunde bloco de instructiones.",
    "CONTROLS_IF_TOOLTIP_4": "Si le prime valor es ver, exequer le prime bloco de instructiones. Si non, si le secunde valor es ver, exequer le secunde bloco de instructiones. Si necun del valores es ver, exequer le ultime bloco de instructiones.",
    "CONTROLS_IF_MSG_IF": "si",
    "CONTROLS_IF_MSG_ELSEIF": "si non si",
    "CONTROLS_IF_MSG_ELSE": "si non",
    "CONTROLS_IF_IF_TOOLTIP": "Adder, remover o reordinar sectiones pro reconfigurar iste bloco \"si\".",
    "CONTROLS_IF_ELSEIF_TOOLTIP": "Adder un condition al bloco \"si\".",
    "CONTROLS_IF_ELSE_TOOLTIP": "Adder un condition final de reserva al bloco \"si\".",
    "LOGIC_COMPARE_TOOLTIP_EQ": "Retornar ver si le duo entratas es equal.",
    "LOGIC_COMPARE_TOOLTIP_NEQ": "Retornar ver si le duo entratas non es equal.",
    "LOGIC_COMPARE_TOOLTIP_LT": "Retornar ver si le prime entrata es minor que le secunde.",
    "LOGIC_COMPARE_TOOLTIP_LTE": "Retornar ver si le prime entrata es minor que o equal al secunde.",
    "LOGIC_COMPARE_TOOLTIP_GT": "Retornar ver si le prime entrata es major que le secunde.",
    "LOGIC_COMPARE_TOOLTIP_GTE": "Retornar ver si le prime entrata es major que o equal al secunde.",
    "LOGIC_OPERATION_TOOLTIP_AND": "Retornar ver si ambe entratas es ver.",
    "LOGIC_OPERATION_AND": "e",
    "LOGIC_OPERATION_TOOLTIP_OR": "Retornar ver si al minus un del entratas es ver.",
    "LOGIC_OPERATION_OR": "o",
    "LOGIC_NEGATE_TITLE": "non %1",
    "LOGIC_NEGATE_TOOLTIP": "Retornar ver si le entrata es false. Retornar false si le entrata es ver.",
    "LOGIC_BOOLEAN_TRUE": "ver",
    "LOGIC_BOOLEAN_FALSE": "false",
    "LOGIC_BOOLEAN_TOOLTIP": "Retorna o ver o false.",
    "LOGIC_NULL": "nulle",
    "LOGIC_NULL_TOOLTIP": "Retorna nulle.",
    "LOGIC_TERNARY_CONDITION": "test",
    "LOGIC_TERNARY_IF_TRUE": "si ver",
    "LOGIC_TERNARY_IF_FALSE": "si false",
    "LOGIC_TERNARY_TOOLTIP": "Verificar le condition in 'test'. Si le condition es ver, retorna le valor de 'si ver'; si non, retorna le valor de 'si false'.",
    "MATH_NUMBER_HELPURL": "http://ia.wikipedia.org/wiki/Numero",
    "MATH_NUMBER_TOOLTIP": "Un numero.",
    "MATH_ARITHMETIC_HELPURL": "http://ia.wikipedia.org/wiki/Arithmetica",
    "MATH_ARITHMETIC_TOOLTIP_ADD": "Retornar le summa del duo numeros.",
    "MATH_ARITHMETIC_TOOLTIP_MINUS": "Retornar le differentia del duo numeros.",
    "MATH_ARITHMETIC_TOOLTIP_MULTIPLY": "Retornar le producto del duo numeros.",
    "MATH_ARITHMETIC_TOOLTIP_DIVIDE": "Retornar le quotiente del duo numeros.",
    "MATH_ARITHMETIC_TOOLTIP_POWER": "Retornar le prime numero elevate al potentia del secunde numero.",
    "MATH_SINGLE_HELPURL": "http://ia.wikipedia.org/wiki/Radice_quadrate",
    "MATH_SINGLE_OP_ROOT": "radice quadrate",
    "MATH_SINGLE_TOOLTIP_ROOT": "Retornar le radice quadrate de un numero.",
    "MATH_SINGLE_OP_ABSOLUTE": "absolute",
    "MATH_SINGLE_TOOLTIP_ABS": "Retornar le valor absolute de un numero.",
    "MATH_SINGLE_TOOLTIP_NEG": "Retornar le negation de un numero.",
    "MATH_SINGLE_TOOLTIP_LN": "Retornar le logarithmo natural de un numero.",
    "MATH_SINGLE_TOOLTIP_LOG10": "Retornar le logarithmo in base 10 del numero.",
    "MATH_SINGLE_TOOLTIP_EXP": "Retornar e elevate al potentia del numero.",
    "MATH_SINGLE_TOOLTIP_POW10": "Retornar 10 elevate al potentia de un numero."
}