{
    "@metadata": [],
    "VARIABLES_DEFAULT_NAME": "element",
    "DUPLICATE_BLOCK": "duplikat",
    "ADD_COMMENT": "Legg til kommentar",
    "REMOVE_COMMENT": "Fjern kommentar",
    "EXTERNAL_INPUTS": "Eksterne kilder",
    "INLINE_INPUTS": "Interne kilder",
    "DELETE_BLOCK": "Slett blokk",
    "DELETE_X_BLOCKS": "Slett %1 blokk(er)",
    "COLLAPSE_BLOCK": "Skjul blokk",
    "COLLAPSE_ALL": "Skjul blokker",
    "EXPAND_BLOCK": "Utvid blokk",
    "EXPAND_ALL": "Utvid blokker",
    "DISABLE_BLOCK": "Deaktiver blokk",
    "ENABLE_BLOCK": "Aktiver blokk",
    "HELP": "Hjelp",
    "CHANGE_VALUE_TITLE": "Bytt verdi:",
    "NEW_VARIABLE": "Ny variabel...",
    "NEW_VARIABLE_TITLE": "Nytt variabelnavn:",
    "RENAME_VARIABLE": "Gi nytt navn til variabel...",
    "RENAME_VARIABLE_TITLE": "Endre navnet til alle '%1' variabler til:",
    "COLOUR_PICKER_HELPURL": "http://en.wikipedia.org/wiki/Color",
    "COLOUR_PICKER_TOOLTIP": "Velg en farge fra paletten.",
    "COLOUR_RANDOM_TITLE": "tilfeldig farge",
    "COLOUR_RANDOM_TOOLTIP": "Velg en tilfeldig farge.",
    "COLOUR_RGB_HELPURL": "http://www.december.com/html/spec/colorper.html",
    "COLOUR_RGB_TITLE": "farge med",
    "COLOUR_RGB_RED": "r\u00f8d",
    "COLOUR_RGB_GREEN": "gr\u00f8nn",
    "COLOUR_RGB_BLUE": "bl\u00e5",
    "COLOUR_RGB_TOOLTIP": "Lag en farge med angitt verdi av r\u00f8d, gr\u00f8nn og bl\u00e5. Alle verdier m\u00e5 v\u00e6re mellom 0 og 100.",
    "COLOUR_BLEND_HELPURL": "http://meyerweb.com/eric/tools/color-blend/",
    "COLOUR_BLEND_TITLE": "blande",
    "COLOUR_BLEND_COLOUR1": "farge 1",
    "COLOUR_BLEND_COLOUR2": "farge 2",
    "COLOUR_BLEND_RATIO": "forhold",
    "COLOUR_BLEND_TOOLTIP": "Blander to farger sammen med et gitt forhold (0.0 - 1.0).",
    "CONTROLS_REPEAT_HELPURL": "http://en.wikipedia.org/wiki/For_loop",
    "CONTROLS_REPEAT_TITLE": "gjenta %1 ganger",
    "CONTROLS_REPEAT_TITLE_REPEAT": "gjenta",
    "CONTROLS_REPEAT_TITLE_TIMES": "ganger",
    "CONTROLS_REPEAT_INPUT_DO": "gj\u00f8r",
    "CONTROLS_REPEAT_TOOLTIP": "Gjenta noen instruksjoner flere ganger.",
    "CONTROLS_WHILEUNTIL_HELPURL": "http://code.google.com/p/blockly/wiki/Repeat",
    "CONTROLS_WHILEUNTIL_OPERATOR_WHILE": "gjenta mens",
    "CONTROLS_WHILEUNTIL_OPERATOR_UNTIL": "gjenta til",
    "CONTROLS_WHILEUNTIL_TOOLTIP_WHILE": "S\u00e5 lenge et utsagn stemmer, utf\u00f8r noen instruksjoner.",
    "CONTROLS_WHILEUNTIL_TOOLTIP_UNTIL": "S\u00e5 lenge et utsagn ikke stemmer, gj\u00f8r noen instruksjoner.",
    "CONTROLS_FOR_HELPURL": "https://code.google.com/p/blockly/wiki/Loops#count_with",
    "CONTROLS_FOR_TOOLTIP": "Ha variabel %1 ta verdiene fra start nummer til slutt nummer, telle med spesifisert intervall og lag de spesifiserte blokkene.",
    "CONTROLS_FOR_INPUT_WITH": "tell med",
    "CONTROLS_FOR_INPUT_FROM_TO_BY": "fra %1 til %2 med %3",
    "CONTROLS_FOREACH_HELPURL": "https://code.google.com/p/blockly/wiki/Loops#for_each for each block",
    "CONTROLS_FOREACH_INPUT_ITEM": "for hvert element",
    "CONTROLS_FOREACH_INPUT_INLIST": "i listen",
    "CONTROLS_FOREACH_INPUT_INLIST_TAIL": "",
    "CONTROLS_FOREACH_TOOLTIP": "For hvert element i en liste, angi variabelen '%1' til elementet, og deretter lag noen setninger.",
    "CONTROLS_FLOW_STATEMENTS_HELPURL": "https://code.google.com/p/blockly/wiki/Loops#Loop_Termination_Blocks",
    "CONTROLS_FLOW_STATEMENTS_OPERATOR_BREAK": "bryt ut av l\u00f8kken",
    "CONTROLS_FLOW_STATEMENTS_OPERATOR_CONTINUE": "fortsett med neste gjentakelse av l\u00f8kken",
    "CONTROLS_FLOW_STATEMENTS_TOOLTIP_BREAK": "Bryt ut av den gjeldende l\u00f8kken.",
    "CONTROLS_FLOW_STATEMENTS_TOOLTIP_CONTINUE": "Hopp over resten av denne l\u00f8kken og fortsett med neste gjentakelse.",
    "CONTROLS_FLOW_STATEMENTS_WARNING": "Advarsel: Denne blokken kan kun brukes innenfor en l\u00f8kke.",
    "CONTROLS_IF_HELPURL": "http://code.google.com/p/blockly/wiki/If_Then",
    "CONTROLS_IF_TOOLTIP_1": "Hvis dette er sant, s\u00e5 gj\u00f8r f\u00f8lgende.",
    "CONTROLS_IF_TOOLTIP_2": "Hvis dette er sant, s\u00e5 utf\u00f8r den f\u00f8rste blokken av instruksjoner. Hvis ikke, utf\u00f8r den andre blokken.",
    "CONTROLS_IF_TOOLTIP_3": "Hvis det f\u00f8rste stemmer, s\u00e5 utf\u00f8r den f\u00f8rste blokken av instruksjoner. Ellers, hvis det andre stemmer, utf\u00f8r den andre blokken av instruksjoner.",
    "CONTROLS_IF_TOOLTIP_4": "Hvis den f\u00f8rste verdien er sann, s\u00e5 utf\u00f8r den f\u00f8rste blokken med setninger. Ellers, hvis den andre verdien er sann, s\u00e5 utf\u00f8r den andre blokken med setninger. Hvis ingen av verdiene er sanne, s\u00e5 utf\u00f8r den siste blokken med setninger.",
    "CONTROLS_IF_MSG_IF": "hvis",
    "CONTROLS_IF_MSG_ELSEIF": "ellers hvis",
    "CONTROLS_IF_MSG_ELSE": "ellers",
    "CONTROLS_IF_IF_TOOLTIP": "Legg til, fjern eller flytt seksjoner i denne hvis-blokken.",
    "CONTROLS_IF_ELSEIF_TOOLTIP": "Legg til en betingelse til hvis blokken.",
    "CONTROLS_IF_ELSE_TOOLTIP": "Legg til hva som skal skje hvis de andre ikke sl\u00e5r til.",
    "LOGIC_COMPARE_HELPURL": "http://en.wikipedia.org/wiki/Inequality_(mathematics)",
    "LOGIC_COMPARE_TOOLTIP_EQ": "Returnerer sann hvis begge inputene er like hverandre.",
    "LOGIC_COMPARE_TOOLTIP_NEQ": "Returnerer sant hvis begge argumentene er ulike hverandre.",
    "LOGIC_COMPARE_TOOLTIP_LT": "Returnerer sant hvis det f\u00f8rste argumentet er mindre enn det andre argumentet.",
    "LOGIC_COMPARE_TOOLTIP_LTE": "Returnerer sant hvis det f\u00f8rste argumentet er mindre enn eller likt det andre argumentet.",
    "LOGIC_COMPARE_TOOLTIP_GT": "Returnerer sant hvis det f\u00f8rste argumentet er st\u00f8rre enn den andre argumentet.",
    "LOGIC_COMPARE_TOOLTIP_GTE": "Returnerer sant hvis det f\u00f8rste argumentet er st\u00f8rre enn eller likt det andre argumentet.",
    "LOGIC_OPERATION_HELPURL": "http://code.google.com/p/blockly/wiki/And_Or",
    "LOGIC_OPERATION_TOOLTIP_AND": "Returnerer sant hvis begge argumentene er sanne.",
    "LOGIC_OPERATION_AND": "og",
    "LOGIC_OPERATION_TOOLTIP_OR": "Returnerer sant hvis minst ett av argumentene er sant.",
    "LOGIC_OPERATION_OR": "eller",
    "LOGIC_NEGATE_HELPURL": "http://code.google.com/p/blockly/wiki/Not",
    "LOGIC_NEGATE_TITLE": "ikke %1",
    "LOGIC_NEGATE_TOOLTIP": "Returnerer sant hvis argumentet er usant. Returnerer usant hvis argumentet er sant.",
    "LOGIC_BOOLEAN_HELPURL": "http://code.google.com/p/blockly/wiki/True_False",
    "LOGIC_BOOLEAN_TRUE": "sann",
    "LOGIC_BOOLEAN_FALSE": "usann",
    "LOGIC_BOOLEAN_TOOLTIP": "Returnerer enten sann eller usann.",
    "LOGIC_NULL_HELPURL": "http://en.wikipedia.org/wiki/Nullable_type",
    "LOGIC_NULL": "null",
    "LOGIC_NULL_TOOLTIP": "Returnerer null.",
    "LOGIC_TERNARY_HELPURL": "http://en.wikipedia.org/wiki/%3F:",
    "LOGIC_TERNARY_CONDITION": "test",
    "LOGIC_TERNARY_IF_TRUE": "hvis sant",
    "LOGIC_TERNARY_IF_FALSE": "hvis usant",
    "LOGIC_TERNARY_TOOLTIP": "Sjekk betingelsen i 'test'. Hvis betingelsen er sann, da returneres 'hvis sant' verdien. Hvis ikke returneres 'hvis usant' verdien.",
    "MATH_NUMBER_HELPURL": "http://en.wikipedia.org/wiki/Number",
    "MATH_NUMBER_TOOLTIP": "Et tall.",
    "MATH_ADDITION_SYMBOL": "+",
    "MATH_SUBTRACTION_SYMBOL": "-",
    "MATH_DIVISION_SYMBOL": "\u00f7",
    "MATH_MULTIPLICATION_SYMBOL": "x",
    "MATH_POWER_SYMBOL": "^",
    "MATH_TRIG_SIN": "sin",
    "MATH_TRIG_COS": "cos",
    "MATH_TRIG_TAN": "tan",
    "MATH_TRIG_ASIN": "asin",
    "MATH_TRIG_ACOS": "acos",
    "MATH_TRIG_ATAN": "atan",
    "MATH_ARITHMETIC_HELPURL": "http://no.wikipedia.org/wiki/Aritmetikk",
    "MATH_ARITHMETIC_TOOLTIP_ADD": "Returnerer summen av to tall.",
    "MATH_ARITHMETIC_TOOLTIP_MINUS": "Returner differansen mellom to tall.",
    "MATH_ARITHMETIC_TOOLTIP_MULTIPLY": "Returner produktet av to tall.",
    "MATH_ARITHMETIC_TOOLTIP_DIVIDE": "Returner kvotienten av to tall.",
    "MATH_ARITHMETIC_TOOLTIP_POWER": "Returner det f\u00f8rste tallet opph\u00f8yd i den andre tallet.",
    "MATH_SINGLE_HELPURL": "http://en.wikipedia.org/wiki/Square_root",
    "MATH_SINGLE_OP_ROOT": "kvadratrot",
    "MATH_SINGLE_TOOLTIP_ROOT": "Returner kvadratroten av et tall.",
    "MATH_SINGLE_OP_ABSOLUTE": "absoluttverdi",
    "MATH_SINGLE_TOOLTIP_ABS": "Returner absoluttverdien av et tall.",
    "MATH_SINGLE_TOOLTIP_NEG": "Returner det negative tallet.",
    "MATH_SINGLE_TOOLTIP_LN": "Returner den naturlige logaritmen til et tall.",
    "MATH_SINGLE_TOOLTIP_LOG10": "Returner base-10 logaritmen til et tall.",
    "MATH_SINGLE_TOOLTIP_EXP": "Returner e opph\u00f8yd i et tall.",
    "MATH_SINGLE_TOOLTIP_POW10": "Returner 10 opph\u00f8yd i et tall.",
    "MATH_TRIG_HELPURL": "http://en.wikipedia.org/wiki/Trigonometric_functions",
    "MATH_TRIG_TOOLTIP_SIN": "Returner sinus av en vinkel (ikke radian).",
    "MATH_TRIG_TOOLTIP_COS": "Returner cosinus av en vinkel (ikke radian).",
    "MATH_TRIG_TOOLTIP_TAN": "Returner tangenten av en vinkel (ikke radian).",
    "MATH_TRIG_TOOLTIP_ASIN": "Returner arcsinus til et tall.",
    "MATH_TRIG_TOOLTIP_ACOS": "Returner arccosinus til et tall.",
    "MATH_TRIG_TOOLTIP_ATAN": "Returner arctangens til et tall.",
    "MATH_CONSTANT_HELPURL": "http://en.wikipedia.org/wiki/Mathematical_constant",
    "MATH_CONSTANT_TOOLTIP": "Returner en av felleskonstantene \u03c0 (3.141\u2026), e (2.718\u2026), \u03c6 (1.618\u2026), sqrt(2) (1.414\u2026), sqrt(\u00bd) (0.707\u2026), eller \u221e (uendelig).",
    "MATH_IS_EVEN": "er et partall",
    "MATH_IS_ODD": "er et oddetall",
    "MATH_IS_PRIME": "er et primtall",
    "MATH_IS_WHOLE": "er et heltall",
    "MATH_IS_POSITIVE": "er positivt",
    "MATH_IS_NEGATIVE": "er negativer negativt",
    "MATH_IS_DIVISIBLE_BY": "er delelig med",
    "MATH_IS_TOOLTIP": "Sjekk om et tall er et partall, oddetall, primtall, heltall, positivt, negativt, eller om det er delelig med et annet tall. Returnerer sant eller usant.",
    "MATH_CHANGE_HELPURL": "http://en.wikipedia.org/wiki/Programming_idiom#Incrementing_a_counter",
    "MATH_CHANGE_TITLE_CHANGE": "endre",
    "MATH_CHANGE_INPUT_BY": "ved",
    "MATH_CHANGE_TOOLTIP": "Addere et tall til variabelen '%1'.",
    "MATH_ROUND_HELPURL": "http://en.wikipedia.org/wiki/Rounding",
    "MATH_ROUND_TOOLTIP": "Avrund et tall ned eller opp.",
    "MATH_ROUND_OPERATOR_ROUND": "avrunding",
    "MATH_ROUND_OPERATOR_ROUNDUP": "rund opp",
    "MATH_ROUND_OPERATOR_ROUNDDOWN": "rund ned",
    "MATH_ONLIST_HELPURL": "",
    "MATH_ONLIST_OPERATOR_SUM": "summen av listen",
    "MATH_ONLIST_TOOLTIP_SUM": "Returner summen av alle tallene i listen.",
    "MATH_ONLIST_OPERATOR_MIN": "minimum av listen",
    "MATH_ONLIST_TOOLTIP_MIN": "Returner det minste tallet i listen.",
    "MATH_ONLIST_OPERATOR_MAX": "maksimum av liste",
    "MATH_ONLIST_TOOLTIP_MAX": "Returner det st\u00f8rste tallet i listen.",
    "MATH_ONLIST_OPERATOR_AVERAGE": "gjennomsnittet av listen",
    "MATH_ONLIST_TOOLTIP_AVERAGE": "Returner det aritmetiske gjennomsnittet av tallene i listen.",
    "MATH_ONLIST_OPERATOR_MEDIAN": "medianen til listen",
    "MATH_ONLIST_TOOLTIP_MEDIAN": "Returner listens median.",
    "MATH_ONLIST_OPERATOR_MODE": "Listens typetall",
    "MATH_ONLIST_TOOLTIP_MODE": "Returner en liste av de vanligste elementene i listen.",
    "MATH_ONLIST_OPERATOR_STD_DEV": "standardavviket til listen",
    "MATH_ONLIST_TOOLTIP_STD_DEV": "Returner listens standardavvik.",
    "MATH_ONLIST_OPERATOR_RANDOM": "tilfeldig element i listen",
    "MATH_ONLIST_TOOLTIP_RANDOM": "Returner et tilfeldig element fra listen.",
    "MATH_MODULO_HELPURL": "http://en.wikipedia.org/wiki/Modulo_operation",
    "MATH_MODULO_TITLE": "resten av %1 \u00f7 %2",
    "MATH_MODULO_TOOLTIP": "Returner resten fra delingen av to tall.",
    "MATH_CONSTRAIN_HELPURL": "http://en.wikipedia.org/wiki/Clamping_%28graphics%29",
    "MATH_CONSTRAIN_TITLE": "begrense %1 lav %2 h\u00f8y %3",
    "MATH_CONSTRAIN_TOOLTIP": "Begrens et tall til \u00e5 v\u00e6re mellom de angitte grenseverdiene (inklusiv).",
    "MATH_RANDOM_INT_HELPURL": "http://en.wikipedia.org/wiki/Random_number_generation",
    "MATH_RANDOM_INT_TITLE": "Et tilfeldig heltall mellom %1 og %2",
    "MATH_RANDOM_INT_TOOLTIP": "Returner et tilfeldig tall mellom de to spesifiserte grensene, inkludert de to.",
    "MATH_RANDOM_FLOAT_HELPURL": "http://en.wikipedia.org/wiki/Random_number_generation",
    "MATH_RANDOM_FLOAT_TITLE_RANDOM": "tilfeldig flyttall",
    "MATH_RANDOM_FLOAT_TOOLTIP": "Returner et tilfeldig flyttall mellom 0.0 (inkludert) og 1.0 (ikke inkludert).",
    "TEXT_TEXT_HELPURL": "http://en.wikipedia.org/wiki/String_(computer_science)",
    "TEXT_TEXT_TOOLTIP": "En bokstav, ett ord eller en linje med tekst.",
    "TEXT_JOIN_HELPURL": "https://code.google.com/p/blockly/wiki/Text#Text_creation",
    "TEXT_JOIN_TITLE_CREATEWITH": "lage tekst med",
    "TEXT_JOIN_TOOLTIP": "Opprett en tekst ved \u00e5 sette sammen et antall elementer.",
    "TEXT_CREATE_JOIN_TITLE_JOIN": "f\u00f8y sammen",
    "TEXT_CREATE_JOIN_TOOLTIP": "Legg til, fjern eller forandre rekkef\u00f8lgen for \u00e5 forandre p\u00e5 denne tekstblokken.",
    "TEXT_CREATE_JOIN_ITEM_TOOLTIP": "Legg til et element til teksten.",
    "TEXT_APPEND_HELPURL": "https://code.google.com/p/blockly/wiki/Text#Text_modification",
    "TEXT_APPEND_TO": "til",
    "TEXT_APPEND_APPENDTEXT": "tilf\u00f8y tekst",
    "TEXT_APPEND_TOOLTIP": "Tilf\u00f8y tekst til variabelen '%1'.",
    "TEXT_LENGTH_HELPURL": "https://code.google.com/p/blockly/wiki/Text#Text_modification",
    "TEXT_LENGTH_TITLE": "lengden av %1",
    "TEXT_LENGTH_TOOLTIP": "Returnerer antall bokstaver (inkludert mellomrom) i den angitte teksten.",
    "TEXT_ISEMPTY_HELPURL": "https://code.google.com/p/blockly/wiki/Text#Checking_for_empty_text",
    "TEXT_ISEMPTY_TITLE": "%1 er tom",
    "TEXT_ISEMPTY_TOOLTIP": "Returnerer sann hvis den angitte teksten er tom.",
    "TEXT_INDEXOF_HELPURL": "https://code.google.com/p/blockly/wiki/Text#Finding_text",
    "TEXT_INDEXOF_TOOLTIP": "Returnerer posisjonen for f\u00f8rste/siste forekomsten av den f\u00f8rste tekst i den andre teksten.  Returnerer 0 hvis teksten ikke blir funnet.",
    "TEXT_INDEXOF_INPUT_INTEXT": "i tekst",
    "TEXT_INDEXOF_OPERATOR_FIRST": "finn f\u00f8rste forekomst av tekst",
    "TEXT_INDEXOF_OPERATOR_LAST": "finn siste forekomst av tekst",
    "TEXT_INDEXOF_TAIL": "",
    "TEXT_CHARAT_HELPURL": "https://code.google.com/p/blockly/wiki/Text#Extracting_text",
    "TEXT_CHARAT_INPUT_INTEXT": "i tekst",
    "TEXT_CHARAT_FROM_START": "hent bokstav #",
    "TEXT_CHARAT_FROM_END": "hent bokstav # fra slutten",
    "TEXT_CHARAT_FIRST": "hent f\u00f8rste bokstav",
    "TEXT_CHARAT_LAST": "hent den siste bokstaven",
    "TEXT_CHARAT_RANDOM": "hent en tilfeldig bokstav",
    "TEXT_CHARAT_TAIL": "",
    "TEXT_CHARAT_TOOLTIP": "Returnerer bokstaven p\u00e5 angitt plassering.",
    "TEXT_GET_SUBSTRING_TOOLTIP": "Returnerer den angitte delen av teksten.",
    "TEXT_GET_SUBSTRING_HELPURL": "http://code.google.com/p/blockly/wiki/Text#Extracting_a_region_of_text",
    "TEXT_GET_SUBSTRING_INPUT_IN_TEXT": "i tekst",
    "TEXT_GET_SUBSTRING_START_FROM_START": "hent delstreng fra bokstav #",
    "TEXT_GET_SUBSTRING_START_FROM_END": "hent delstreng fra bokstav # fra slutten",
    "TEXT_GET_SUBSTRING_START_FIRST": "hent delstreng fra f\u00f8rste bokstav",
    "TEXT_GET_SUBSTRING_END_FROM_START": "til bokstav #",
    "TEXT_GET_SUBSTRING_END_FROM_END": "til bokstav # fra slutten",
    "TEXT_GET_SUBSTRING_END_LAST": "til siste bokstav",
    "TEXT_GET_SUBSTRING_TAIL": "",
    "TEXT_CHANGECASE_HELPURL": "https://code.google.com/p/blockly/wiki/Text#Adjusting_text_case",
    "TEXT_CHANGECASE_TOOLTIP": "Returnerer en kopi av teksten der store og sm\u00e5 bokstaver er byttet om.",
    "TEXT_CHANGECASE_OPERATOR_UPPERCASE": "til STORE BOKSTAVER",
    "TEXT_CHANGECASE_OPERATOR_LOWERCASE": "til sm\u00e5 bokstaver",
    "TEXT_CHANGECASE_OPERATOR_TITLECASE": "til store forbokstaver",
    "TEXT_TRIM_HELPURL": "https://code.google.com/p/blockly/wiki/Text#Trimming_%28removing%29_spaces",
    "TEXT_TRIM_TOOLTIP": "Returner en kopi av teksten med mellomrom fjernet fra en eller begge sidene.",
    "TEXT_TRIM_OPERATOR_BOTH": "fjern mellomrom fra begge sider",
    "TEXT_TRIM_OPERATOR_LEFT": "fjern mellomrom fra venstre side",
    "TEXT_TRIM_OPERATOR_RIGHT": "fjern mellomrom fra h\u00f8yre side",
    "TEXT_PRINT_HELPURL": "https://code.google.com/p/blockly/wiki/Text#Printing_text",
    "TEXT_PRINT_TITLE": "skriv ut %1",
    "TEXT_PRINT_TOOLTIP": "Skriv ut angitt tekst, tall eller annet innhold.",
    "TEXT_PROMPT_HELPURL": "https://code.google.com/p/blockly/wiki/Text#Getting_input_from_the_user",
    "TEXT_PROMPT_TYPE_TEXT": "sp\u00f8r om tekst med en melding",
    "TEXT_PROMPT_TYPE_NUMBER": "sp\u00f8r om et tall med en melding",
    "TEXT_PROMPT_TOOLTIP_NUMBER": "Be brukeren om et tall.",
    "TEXT_PROMPT_TOOLTIP_TEXT": "Sp\u00f8r brukeren om tekst.",
    "LISTS_CREATE_EMPTY_HELPURL": "http://en.wikipedia.org/wiki/Linked_list#Empty_lists",
    "LISTS_CREATE_EMPTY_TITLE": "opprett en tom liste",
    "LISTS_CREATE_EMPTY_TOOLTIP": "Returnerer en tom liste, alts\u00e5 med lengde 0",
    "LISTS_CREATE_WITH_TOOLTIP": "Lag en liste med et vilk\u00e5rlig antall elementer.",
    "LISTS_CREATE_WITH_INPUT_WITH": "lag en liste med",
    "LISTS_CREATE_WITH_CONTAINER_TITLE_ADD": "liste",
    "LISTS_CREATE_WITH_CONTAINER_TOOLTIP": "Legg til, fjern eller endre rekkef\u00f8lgen for \u00e5 endre p\u00e5 denne delen av listen.",
    "LISTS_CREATE_WITH_ITEM_TOOLTIP": "Tilf\u00f8y et element til listen.",
    "LISTS_REPEAT_HELPURL": "https://code.google.com/p/blockly/wiki/Lists#create_list_with",
    "LISTS_REPEAT_TOOLTIP": "Lager en liste hvor den gitte verdien gjentas et antall ganger.",
    "LISTS_REPEAT_TITLE": "Lag en liste hvor elementet %1 forekommer %2 ganger",
    "LISTS_LENGTH_HELPURL": "https://code.google.com/p/blockly/wiki/Lists#length_of",
    "LISTS_LENGTH_TITLE": "lengden p\u00e5 %1",
    "LISTS_LENGTH_TOOLTIP": "Returnerer lengden til en liste.",
    "LISTS_IS_EMPTY_HELPURL": "https://code.google.com/p/blockly/wiki/Lists#is_empty",
    "LISTS_IS_EMPTY_TITLE": "%1 er tom",
    "LISTS_TOOLTIP": "Returnerer sann hvis listen er tom.",
    "LISTS_INLIST": "i listen",
    "LISTS_INDEX_OF_HELPURL": "https://code.google.com/p/blockly/wiki/Lists#Getting_Items_from_a_List",
    "LISTS_INDEX_OF_FIRST": "finn f\u00f8rste forekomst av elementet",
    "LISTS_INDEX_OF_LAST": "finn siste forekomst av elementet",
    "LISTS_INDEX_OF_TOOLTIP": "Returnerer posisjonen til den f\u00f8rste/siste forekomsten av elementet i en liste. Returnerer 0 hvis ikke funnet.",
    "LISTS_GET_INDEX_GET": "hent",
    "LISTS_GET_INDEX_GET_REMOVE": "hent og fjern",
    "LISTS_GET_INDEX_REMOVE": "fjern",
    "LISTS_GET_INDEX_FROM_START": "#",
    "LISTS_GET_INDEX_FROM_END": "# fra slutten",
    "LISTS_GET_INDEX_FIRST": "f\u00f8rst",
    "LISTS_GET_INDEX_LAST": "siste",
    "LISTS_GET_INDEX_RANDOM": "tilfeldig",
    "LISTS_GET_INDEX_TAIL": "",
    "LISTS_GET_INDEX_TOOLTIP_GET_FROM_START": "Returner elementet p\u00e5 den angitte posisjonen i en liste. #1 er det f\u00f8rste elementet.",
    "LISTS_GET_INDEX_TOOLTIP_GET_FROM_END": "Returner elementet p\u00e5 den angitte posisjonen i en liste. #1 er det siste elementet.",
    "LISTS_GET_INDEX_TOOLTIP_GET_FIRST": "Returnerer det f\u00f8rste elementet i en liste.",
    "LISTS_GET_INDEX_TOOLTIP_GET_LAST": "Returnerer det siste elementet i en liste.",
    "LISTS_GET_INDEX_TOOLTIP_GET_RANDOM": "Returnerer et tilfeldig element i en liste.",
    "LISTS_GET_INDEX_TOOLTIP_GET_REMOVE_FROM_START": "Fjerner og returnerer elementet ved en gitt posisjon i en liste. #1 er det f\u00f8rste elementet.",
    "LISTS_GET_INDEX_TOOLTIP_GET_REMOVE_FROM_END": "Fjerner og returnerer elementet ved en gitt posisjon i en liste. #1 er det siste elementet.",
    "LISTS_GET_INDEX_TOOLTIP_GET_REMOVE_FIRST": "Fjerner og returnerer det f\u00f8rste elementet i en liste.",
    "LISTS_GET_INDEX_TOOLTIP_GET_REMOVE_LAST": "Fjerner og returnerer det siste elementet i en liste.",
    "LISTS_GET_INDEX_TOOLTIP_GET_REMOVE_RANDOM": "Fjerner og returnerer et tilfeldig element i en liste.",
    "LISTS_GET_INDEX_TOOLTIP_REMOVE_FROM_START": "Fjerner et element ved en gitt posisjon i en liste. #1 er det f\u00f8rste elementet.",
    "LISTS_GET_INDEX_TOOLTIP_REMOVE_FROM_END": "Fjerner et element ved en gitt posisjon i en liste. #1 er det siste elementet.",
    "LISTS_GET_INDEX_TOOLTIP_REMOVE_FIRST": "Fjerner det f\u00f8rste elementet i en liste.",
    "LISTS_GET_INDEX_TOOLTIP_REMOVE_LAST": "Fjerner det siste elementet i en liste.",
    "LISTS_GET_INDEX_TOOLTIP_REMOVE_RANDOM": "Fjerner et tilfeldig element i en liste.",
    "LISTS_SET_INDEX_HELPURL": "https://code.google.com/p/blockly/wiki/Lists#in_list_..._set",
    "LISTS_SET_INDEX_SET": "sett",
    "LISTS_SET_INDEX_INSERT": "sett inn ved",
    "LISTS_SET_INDEX_INPUT_TO": "som",
    "LISTS_SET_INDEX_TOOLTIP_SET_FROM_START": "Setter inn elementet ved den angitte posisjonen i en liste. #1 er det f\u00f8rste elementet.",
    "LISTS_SET_INDEX_TOOLTIP_SET_FROM_END": "Setter inn elementet ved den angitte posisjonen i en liste. #1 er det siste elementet.",
    "LISTS_SET_INDEX_TOOLTIP_SET_FIRST": "Angir det f\u00f8rste elementet i en liste.",
    "LISTS_SET_INDEX_TOOLTIP_SET_LAST": "Angir det siste elementet i en liste.",
    "LISTS_SET_INDEX_TOOLTIP_SET_RANDOM": "Angir et tilfeldig element i en liste.",
    "LISTS_SET_INDEX_TOOLTIP_INSERT_FROM_START": "Setter inn elementet ved den angitte posisjonen i en liste. #1 er det f\u00f8rste elementet.",
    "LISTS_SET_INDEX_TOOLTIP_INSERT_FROM_END": "Setter inn elementet ved den angitte posisjonen i en liste. #1 er det siste elementet.",
    "LISTS_SET_INDEX_TOOLTIP_INSERT_FIRST": "Setter inn elementet i starten av en liste.",
    "LISTS_SET_INDEX_TOOLTIP_INSERT_LAST": "Tilf\u00f8y elementet til slutten av en liste.",
    "LISTS_SET_INDEX_TOOLTIP_INSERT_RANDOM": "Setter inn elementet ved en tilfeldig posisjon i en liste.",
    "LISTS_GET_SUBLIST_HELPURL": "https://code.google.com/p/blockly/wiki/Lists#Getting_a_sublist",
    "LISTS_GET_SUBLIST_START_FROM_START": "Hent del-listen fra #",
    "LISTS_GET_SUBLIST_START_FROM_END": "Hent de siste # elementene",
    "LISTS_GET_SUBLIST_START_FIRST": "Hent en del av listen",
    "LISTS_GET_SUBLIST_END_FROM_START": "til #",
    "LISTS_GET_SUBLIST_END_FROM_END": "til # fra slutten",
    "LISTS_GET_SUBLIST_END_LAST": "til siste",
    "LISTS_GET_SUBLIST_TAIL": "",
    "LISTS_GET_SUBLIST_TOOLTIP": "Kopi\u00e9rer en \u00f8nsket del av en liste.",
    "ORDINAL_NUMBER_SUFFIX": "",
    "VARIABLES_GET_HELPURL": "http://code.google.com/p/blockly/wiki/Variables#Get",
    "VARIABLES_GET_TITLE": "",
    "VARIABLES_GET_TAIL": "",
    "VARIABLES_GET_TOOLTIP": "Returnerer verdien av denne variabelen.",
    "VARIABLES_GET_CREATE_SET": "Opprett 'sett %1'",
    "VARIABLES_SET_HELPURL": "http://code.google.com/p/blockly/wiki/Variables#Set",
    "VARIABLES_SET_TITLE": "sett",
    "VARIABLES_SET_TAIL": "til",
    "VARIABLES_SET_TOOLTIP": "Setter verdien av denne variablen lik parameteren.",
    "VARIABLES_SET_CREATE_GET": "Opprett 'hent %1'",
    "PROCEDURES_DEFNORETURN_HELPURL": "http://en.wikipedia.org/wiki/Procedure_%28computer_science%29",
    "PROCEDURES_DEFNORETURN_TITLE": "til",
    "PROCEDURES_DEFNORETURN_PROCEDURE": "gj\u00f8r noe",
    "PROCEDURES_BEFORE_PARAMS": "med:",
    "PROCEDURES_DEFNORETURN_DO": "",
    "PROCEDURES_DEFNORETURN_TOOLTIP": "Opprett en funksjon som ikke har noe resultat.",
    "PROCEDURES_DEFRETURN_HELPURL": "http://en.wikipedia.org/wiki/Procedure_%28computer_science%29",
    "PROCEDURES_DEFRETURN_RETURN": "returner",
    "PROCEDURES_DEFRETURN_TOOLTIP": "Oppretter en funksjon som har et resultat.",
    "PROCEDURES_DEF_DUPLICATE_WARNING": "Advarsel: Denne funksjonen har duplikate parametere.",
    "PROCEDURES_CALLNORETURN_HELPURL": "http://en.wikipedia.org/wiki/Procedure_%28computer_science%29",
    "PROCEDURES_CALLNORETURN_CALL": "",
    "PROCEDURES_CALLNORETURN_TOOLTIP": "Kj\u00f8r den brukerdefinerte funksjonen '%1'.",
    "PROCEDURES_CALLRETURN_HELPURL": "http://en.wikipedia.org/wiki/Procedure_%28computer_science%29",
    "PROCEDURES_CALLRETURN_TOOLTIP": "Kj\u00f8r den brukerdefinerte funksjonen'%1' og bruk resultatet av den.",
    "PROCEDURES_MUTATORCONTAINER_TITLE": "parametere",
    "PROCEDURES_MUTATORARG_TITLE": "Navn p\u00e5 parameter:",
    "PROCEDURES_HIGHLIGHT_DEF": "Marker funksjonsdefinisjonen",
    "PROCEDURES_CREATE_DO": "Opprett '%1'",
    "PROCEDURES_IFRETURN_TOOLTIP": "Hvis en verdi er sann, returner da en annen verdi.",
    "PROCEDURES_IFRETURN_WARNING": "Advarsel: Denne blokken kan bare benyttes innenfor en funksjonsdefinisjon."
}