{
    "@metadata": {
        "authors": [
            "Baonguyen21022003",
            "Espertus",
            "Qneutron"
        ]
    },
    "VARIABLES_DEFAULT_NAME": "v\u1eadt",
    "DUPLICATE_BLOCK": "T\u1ea1o B\u1ea3n Sao",
    "ADD_COMMENT": "Th\u00eam Ch\u00fa Gi\u1ea3i",
    "REMOVE_COMMENT": "X\u00f3a Ch\u00fa Gi\u1ea3i",
    "EXTERNAL_INPUTS": "Ch\u1ed7 G\u1eafn B\u00ean Ngo\u00e0i",
    "INLINE_INPUTS": "Ch\u1ed7 G\u1eafn C\u00f9ng D\u00f2ng",
    "DELETE_BLOCK": "X\u00f3a M\u1ea3nh N\u00e0y",
    "DELETE_X_BLOCKS": "X\u00f3a %1 M\u1ea3nh",
    "COLLAPSE_BLOCK": "Thu Nh\u1ecf M\u1ea3nh",
    "COLLAPSE_ALL": "Thu Nh\u1ecf M\u1ecdi M\u1ea3nh",
    "EXPAND_BLOCK": "M\u1edf L\u1edbn M\u1ea3nh",
    "EXPAND_ALL": "M\u1edf L\u1edbn M\u1ecdi M\u1ea3nh",
    "DISABLE_BLOCK": "Ng\u01b0ng T\u00e1c D\u1ee5ng",
    "ENABLE_BLOCK": "Ph\u1ee5c H\u1ed3i T\u00e1c D\u1ee5ng",
    "HELP": "Tr\u1ee3 Gi\u00fap",
    "CHANGE_VALUE_TITLE": "Thay gi\u00e1 tr\u1ecb th\u00e0nh:",
    "NEW_VARIABLE": "Bi\u1ebfn m\u1edbi...",
    "NEW_VARIABLE_TITLE": "T\u00ean c\u1ee7a bi\u1ebfn m\u1edbi:",
    "RENAME_VARIABLE": "Thay t\u00ean bi\u1ebfn...",
    "RENAME_VARIABLE_TITLE": "Thay t\u00ean t\u1ea5t c\u1ea3 \"%1\" bi\u1ebfn n\u00e0y th\u00e0nh:",
    "COLOUR_PICKER_HELPURL": "http://vi.wikipedia.org/wiki/M%C3%A0u_s%E1%BA%AFc",
    "COLOUR_PICKER_TOOLTIP": "Ch\u1ecdn m\u1ed9t m\u00e0u t\u1eeb b\u1ea3ng m\u00e0u.",
    "COLOUR_RANDOM_TITLE": "m\u00e0u b\u1ea5t k\u1ef3",
    "COLOUR_RANDOM_TOOLTIP": "ch\u1ecdn m\u1ed9t m\u00e0u b\u1ea5t k\u1ef3.",
    "COLOUR_RGB_TITLE": "T\u1ea1o m\u00e0u t\u1eeb",
    "COLOUR_RGB_RED": "m\u00e0u \u0111\u1ecf",
    "COLOUR_RGB_GREEN": "m\u00e0u xanh l\u00e1 c\u00e2y",
    "COLOUR_RGB_BLUE": "m\u00e0u xanh d\u01b0\u01a1ng",
    "COLOUR_RGB_TOOLTIP": "T\u1ea1o m\u00e0u t\u1eeb ba m\u00e0u: \u0111\u1ecf, xanh l\u00e1 c\u00e2y, xanh d\u01b0\u01a1ng v\u1edbi s\u1ed1 l\u01b0\u1ee3ng c\u1ee5 th\u1ec3.  M\u1ed7i s\u1ed1 ph\u1ea3i c\u00f3 gi\u00e1 tr\u1ecb t\u1eeb 0 \u0111\u1ebfn 100.",
    "COLOUR_BLEND_TITLE": "pha",
    "COLOUR_BLEND_COLOUR1": "m\u00e0u 1",
    "COLOUR_BLEND_COLOUR2": "m\u00e0u 2",
    "COLOUR_BLEND_RATIO": "t\u1ec9 l\u1ec7",
    "COLOUR_BLEND_TOOLTIP": "Pha hai m\u00e0u v\u1edbi nhau theo t\u1ec9 l\u1ec7 (0 - 100).",
    "CONTROLS_REPEAT_HELPURL": "http://en.wikipedia.org/wiki/For_loop",
    "CONTROLS_REPEAT_TITLE": "l\u1eb7p l\u1ea1i %1 l\u1ea7n",
    "CONTROLS_REPEAT_TITLE_REPEAT": "l\u1eb7p l\u1ea1i",
    "CONTROLS_REPEAT_TITLE_TIMES": "l\u1ea7n",
    "CONTROLS_REPEAT_INPUT_DO": "th\u1ef1c hi\u1ec7n",
    "CONTROLS_REPEAT_TOOLTIP": "Th\u1ef1c hi\u1ec7n c\u00e1c l\u1ec7nh v\u00e0i l\u1ea7n.",
    "CONTROLS_WHILEUNTIL_OPERATOR_WHILE": "l\u1eb7p l\u1ea1i trong\u00a0khi",
    "CONTROLS_WHILEUNTIL_OPERATOR_UNTIL": "l\u1eb7p l\u1ea1i cho \u0111\u1ebfn\u00a0khi",
    "CONTROLS_WHILEUNTIL_TOOLTIP_WHILE": "Mi\u1ec5n l\u00e0 \u0111i\u1ec1u ki\u1ec7n c\u00f2n \u0111\u00fang, th\u00ec th\u1ef1c hi\u1ec7n c\u00e1c l\u1ec7nh.",
    "CONTROLS_WHILEUNTIL_TOOLTIP_UNTIL": "Mi\u1ec5n l\u00e0 \u0111i\u1ec1u ki\u1ec7n c\u00f2n sai, th\u00ec th\u1ef1c hi\u1ec7n c\u00e1c l\u1ec7nh.  Khi \u0111i\u1ec1u ki\u1ec7n \u0111\u00fang th\u00ec ng\u01b0ng.",
    "CONTROLS_FOR_TOOLTIP": "\u0110\u1ebfm t\u1eeb s\u1ed1 \u0111\u1ea7u \u0111\u1ebfn s\u1ed1 cu\u1ed1i. Khi \u0111\u1ebfn m\u1ed7i s\u1ed1, g\u00e1n s\u1ed1 v\u00e0o bi\u1ebfn \"%1\" r\u1ed3i th\u1ef1c hi\u1ec7n c\u00e1c l\u1ec7nh.",
    "CONTROLS_FOR_INPUT_WITH": "\u0111\u1ebfm theo",
    "CONTROLS_FOR_INPUT_FROM_TO_BY": "t\u1eeb %1 \u0111\u1ebfn %2 m\u1ed7i l\u1ea7n th\u00eam %3",
    "CONTROLS_FOREACH_INPUT_ITEM": "v\u1edbi m\u1ed7i th\u00e0nh ph\u1ea7n",
    "CONTROLS_FOREACH_INPUT_INLIST": "trong danh s\u00e1ch",
    "CONTROLS_FOREACH_INPUT_INLIST_TAIL": "",
    "CONTROLS_FOREACH_TOOLTIP": "Trong m\u1ed9t danh s\u00e1ch, l\u1ea5y t\u1eebng th\u00e0nh ph\u1ea7n, g\u00e1n v\u00e0o bi\u1ebfn \"%1\", r\u1ed3i th\u1ef1c hi\u1ec7n m\u1ed9t s\u1ed1 l\u1ec7nh.",
    "CONTROLS_FLOW_STATEMENTS_OPERATOR_BREAK": "tho\u00e1t",
    "CONTROLS_FLOW_STATEMENTS_OPERATOR_CONTINUE": "sang l\u1ea7n l\u1eb7p ti\u1ebfp theo",
    "CONTROLS_FLOW_STATEMENTS_TOOLTIP_BREAK": "Tho\u00e1t kh\u1ecfi v\u00f2ng l\u1eb7p hi\u1ec7n t\u1ea1i.",
    "CONTROLS_FLOW_STATEMENTS_TOOLTIP_CONTINUE": "B\u1ecf qua ph\u1ea7n c\u00f2n l\u1ea1i trong v\u00f2ng l\u1eb7p n\u00e0y, v\u00e0 sang l\u1ea7n l\u1eb7p ti\u1ebfp theo.",
    "CONTROLS_FLOW_STATEMENTS_WARNING": "Ch\u00fa \u00fd: M\u1ea3nh n\u00e0y ch\u1ec9 c\u00f3 th\u1ebf d\u00f9ng trong c\u00e1c v\u00f2ng l\u1eb7p.",
    "CONTROLS_IF_TOOLTIP_1": "N\u1ebfu \u0111i\u1ec1u ki\u1ec7n \u0111\u00fang, th\u1ef1c hi\u1ec7n c\u00e1c l\u1ec7nh.",
    "CONTROLS_IF_TOOLTIP_2": "N\u1ebfu \u0111i\u1ec1u ki\u1ec7n \u0111\u00fang, th\u1ef1c hi\u1ec7n c\u00e1c l\u1ec7nh \u0111\u1ea7u.  N\u1ebfu sai, th\u1ef1c hi\u1ec7n c\u00e1c l\u1ec7nh sau.",
    "CONTROLS_IF_TOOLTIP_3": "N\u1ebfu \u0111i\u1ec1u ki\u1ec7n \u0111\u00fang, th\u1ef1c hi\u1ec7n c\u00e1c l\u1ec7nh \u0111\u1ea7u.  N\u1ebfu kh\u00f4ng, n\u1ebfu \u0111i\u1ec1u ki\u1ec7n th\u1ee9 hai \u0111\u00fang, th\u1ef1c hi\u1ec7n c\u00e1c l\u1ec7nh th\u1ee9 hai.",
    "CONTROLS_IF_TOOLTIP_4": "N\u1ebfu \u0111i\u1ec1u ki\u1ec7n \u0111\u00fang, th\u1ef1c hi\u1ec7n c\u00e1c l\u1ec7nh \u0111\u1ea7u.  N\u1ebfu kh\u00f4ng, n\u1ebfu \u0111i\u1ec1u ki\u1ec7n th\u1ee9 hai \u0111\u00fang, th\u1ef1c hi\u1ec7n c\u00e1c l\u1ec7nh th\u1ee9 hai.  N\u1ebfu kh\u00f4ng \u0111i\u1ec1u ki\u1ec7n n\u00e0o \u0111\u00fang, th\u1ef1c hi\u1ec7n c\u00e1c l\u1ec7nh cu\u1ed1i c\u00f9ng.",
    "CONTROLS_IF_MSG_IF": "n\u1ebfu",
    "CONTROLS_IF_MSG_ELSEIF": "n\u1ebfu kh\u00f4ng n\u1ebfu",
    "CONTROLS_IF_MSG_ELSE": "n\u1ebfu kh\u00f4ng",
    "CONTROLS_IF_IF_TOOLTIP": "Th\u00eam, b\u1ecf, ho\u1eb7c \u0111\u1ed5i th\u1ee9 t\u1ef1 c\u00e1c m\u1ea3nh con \u0111\u1ec3 t\u1ea1o c\u1ea5u tr\u00fac m\u1edbi cho m\u1ea3nh n\u1ebfu.",
    "CONTROLS_IF_ELSEIF_TOOLTIP": "Th\u00eam m\u1ed9t \u0111i\u1ec1u ki\u1ec7n v\u00e0o m\u1ea3nh n\u1ebfu.",
    "CONTROLS_IF_ELSE_TOOLTIP": "Cu\u1ed1i c\u00f9ng, khi kh\u00f4ng \u0111i\u1ec1u ki\u1ec7n n\u00e0o \u0111\u00fang.",
    "LOGIC_COMPARE_HELPURL": "http://vi.wikipedia.org/wiki/B%E1%BA%A5t_%C4%91%E1%BA%B3ng_th%E1%BB%A9c",
    "LOGIC_COMPARE_TOOLTIP_EQ": "Ho\u00e0n tr\u1ea3 gi\u00e1 tr\u1ecb \"\u0111\u00fang\" (true) n\u1ebfu gi\u00e1 tr\u1ecb hai \u0111\u1ea7u v\u00e0o b\u1eb1ng nhau.",
    "LOGIC_COMPARE_TOOLTIP_NEQ": "Ho\u00e0n tr\u1ea3 gi\u00e1 tr\u1ecb \"\u0111\u00fang\" (true) n\u1ebfu gi\u00e1 tr\u1ecb hai \u0111\u1ea7u v\u00e0o kh\u00f4ng b\u1eb1ng nhau.",
    "LOGIC_COMPARE_TOOLTIP_LT": "Ho\u00e0n tr\u1ea3 gi\u00e1 tr\u1ecb \"\u0111\u00fang\" (true) n\u1ebfu \u0111\u1ea7u v\u00e0o th\u1ee9 nh\u1ea5t nh\u1ecf h\u01a1n \u0111\u1ea7u v\u00e0o th\u1ee9 hai.",
    "LOGIC_COMPARE_TOOLTIP_LTE": "Ho\u00e0n tr\u1ea3 gi\u00e1 tr\u1ecb \"\u0111\u00fang\" (true) n\u1ebfu \u0111\u1ea7u v\u00e0o th\u1ee9 nh\u1ea5t nh\u1ecf h\u01a1n ho\u1eb7c b\u1eb1ng \u0111\u1ea7u v\u00e0o th\u1ee9 hai.",
    "LOGIC_COMPARE_TOOLTIP_GT": "Ho\u00e0n tr\u1ea3 gi\u00e1 tr\u1ecb \"\u0111\u00fang\" (true) n\u1ebfu \u0111\u1ea7u v\u00e0o th\u1ee9 nh\u1ea5t l\u1edbn h\u01a1n \u0111\u1ea7u v\u00e0o th\u1ee9 hai.",
    "LOGIC_COMPARE_TOOLTIP_GTE": "Ho\u00e0n tr\u1ea3 gi\u00e1 tr\u1ecb \"\u0111\u00fang\" (true) n\u1ebfu \u0111\u1ea7u v\u00e0o th\u1ee9 nh\u1ea5t l\u1edbn h\u01a1n ho\u1eb7c b\u1eb1ng \u0111\u1ea7u v\u00e0o th\u1ee9 hai.",
    "LOGIC_OPERATION_TOOLTIP_AND": "Ho\u00e0n tr\u1ea3 \"\u0111\u00fang\" (true) n\u1ebfu c\u1ea3 hai \u0111\u1ea7u v\u00e0o \u0111\u1ec1u \u0111\u00fang.",
    "LOGIC_OPERATION_AND": "v\u00e0",
    "LOGIC_OPERATION_TOOLTIP_OR": "Ho\u00e0n tr\u1ea3 \"\u0111\u00fang\" (true) n\u1ebfu \u00edt nh\u1ea5t m\u1ed9t trong hai \u0111\u1ea7u v\u00e0o \u0111\u00fang.",
    "LOGIC_OPERATION_OR": "ho\u1eb7c",
    "LOGIC_NEGATE_TITLE": "kh\u00f4ng %1",
    "LOGIC_NEGATE_TOOLTIP": "Ho\u00e0n tr\u1ea3 \"\u0111\u00fang\" (true) n\u1ebfu \u0111\u1ea7u v\u00e0o sai.  Ho\u00e0n tr\u1ea3 \"sai\" (false) n\u1ebfu \u0111\u1ea7u v\u00e0o \u0111\u00fang.",
    "LOGIC_BOOLEAN_TRUE": "\u0111\u00fang",
    "LOGIC_BOOLEAN_FALSE": "sai",
    "LOGIC_BOOLEAN_TOOLTIP": "Ho\u00e0n tr\u1ea3 \"\u0111\u00fang\" ho\u1eb7c \"sai\".",
    "LOGIC_NULL": "tr\u1ed1ng kh\u00f4ng",
    "LOGIC_NULL_TOOLTIP": "Ho\u00e0n tr\u1ea3 tr\u1ed1ng kh\u00f4ng.",
    "LOGIC_TERNARY_CONDITION": "ki\u1ec3m tra",
    "LOGIC_TERNARY_IF_TRUE": "n\u1ebfu \u0111\u00fang",
    "LOGIC_TERNARY_IF_FALSE": "n\u1ebfu sai",
    "LOGIC_TERNARY_TOOLTIP": "Ki\u1ec3m tra \u0111i\u1ec1u ki\u1ec7n. N\u1ebfu \u0111i\u1ec1u ki\u1ec7n \u0111\u00fang, ho\u00e0n tr\u1ea3 gi\u00e1 tr\u1ecb t\u1eeb m\u1ec7nh \u0111\u1ec1 \"n\u1ebfu \u0111\u00fang\" n\u1ebfu kh\u00f4ng \u0111\u00fang, ho\u00e0n tr\u1ea3 gi\u00e1 tr\u1ecb t\u1eeb m\u1ec7nh \u0111\u1ec1 \"n\u1ebfu sai\".",
    "MATH_NUMBER_HELPURL": "http://vi.wikipedia.org/wiki/S%E1%BB%91",
    "MATH_NUMBER_TOOLTIP": "M\u1ed9t con s\u1ed1.",
    "MATH_ARITHMETIC_HELPURL": "http://vi.wikipedia.org/wiki/S%E1%BB%91_h%E1%BB%8Dc",
    "MATH_ARITHMETIC_TOOLTIP_ADD": "Ho\u00e0n tr\u1ea3 t\u1ed5ng c\u1ee7a hai con s\u1ed1.",
    "MATH_ARITHMETIC_TOOLTIP_MINUS": "Ho\u00e0n tr\u1ea3 hi\u1ec7u c\u1ee7a hai con s\u1ed1.",
    "MATH_ARITHMETIC_TOOLTIP_MULTIPLY": "Ho\u00e0n tr\u1ea3 t\u00edch c\u1ee7a hai con s\u1ed1.",
    "MATH_ARITHMETIC_TOOLTIP_DIVIDE": "Ho\u00e0n tr\u1ea3 th\u01b0\u01a1ng c\u1ee7a hai con s\u1ed1.",
    "MATH_ARITHMETIC_TOOLTIP_POWER": "Ho\u00e0n tr\u1ea3 s\u1ed1 l\u0169y th\u1eeba v\u1edbi s\u1ed1 th\u1ee9 nh\u1ea5t l\u00e0 c\u01a1 s\u1ed1 v\u00e0 s\u1ed1 th\u1ee9 hai l\u00e0 s\u1ed1 m\u0169.",
    "MATH_SINGLE_HELPURL": "http://vi.wikipedia.org/wiki/C%C4%83n_b%E1%BA%ADc_hai",
    "MATH_SINGLE_OP_ROOT": "c\u0103n b\u1eadt hai",
    "MATH_SINGLE_TOOLTIP_ROOT": "Ho\u00e0n tr\u1ea3 c\u0103n b\u1eadt hai c\u1ee7a s\u1ed1 \u0111\u1ea7u v\u00e0o.",
    "MATH_SINGLE_OP_ABSOLUTE": "gi\u00e1 tr\u1ecb tuy\u1ec7t \u0111\u1ed1i",
    "MATH_SINGLE_TOOLTIP_ABS": "Ho\u00e0n tr\u1ea3 gi\u00e1 tr\u1ecb tuy\u1ec7t \u0111\u1ed1i c\u1ee7a s\u1ed1 \u0111\u1ea7u v\u00e0o.",
    "MATH_SINGLE_TOOLTIP_NEG": "\u0110\u1ed5i d\u1ea5u c\u1ee7a s\u1ed1 \u0111\u1ea7u v\u00e0o: \u00e2m th\u00e0nh d\u01b0\u01a1ng v\u00e0 d\u01b0\u01a1ng th\u00e0nh \u00e2m, v\u00e0 ho\u00e0n tr\u1ea3 s\u1ed1 m\u1edbi.",
    "MATH_SINGLE_TOOLTIP_LN": "Ho\u00e0n tr\u1ea3 l\u00f4garit t\u1ef1 nhi\u00ean c\u1ee7a s\u1ed1 \u0111\u1ea7u v\u00e0o.",
    "MATH_SINGLE_TOOLTIP_LOG10": "Ho\u00e0n tr\u1ea3 l\u00f4garit c\u01a1 s\u1ed1 10 c\u1ee7a s\u1ed1 \u0111\u1ea7u v\u00e0o.",
    "MATH_SINGLE_TOOLTIP_EXP": "Ho\u00e0n tr\u1ea3 l\u0169y th\u1eeba c\u1ee7a s\u1ed1 e v\u1edbi s\u1ed1 m\u0169 \u0111\u1ea7u v\u00e0o.",
    "MATH_SINGLE_TOOLTIP_POW10": "Ho\u00e0n tr\u1ea3 l\u0169y th\u1eeba c\u1ee7a s\u1ed1 10 v\u1edbi s\u1ed1 m\u0169 \u0111\u1ea7u v\u00e0o.",
    "MATH_TRIG_HELPURL": "http://vi.wikipedia.org/wiki/H%C3%A0m_l%C6%B0%E1%BB%A3ng_gi%C3%A1c",
    "MATH_TRIG_TOOLTIP_SIN": "Ho\u00e0n tr\u1ea3 Sin c\u1ee7a m\u1ed9t g\u00f3c (theo \u0111\u1ed9).",
    "MATH_TRIG_TOOLTIP_COS": "Ho\u00e0n tr\u1ea3 Cos c\u1ee7a m\u1ed9t g\u00f3c (theo \u0111\u1ed9).",
    "MATH_TRIG_TOOLTIP_TAN": "Ho\u00e0n tr\u1ea3 Tang c\u1ee7a m\u1ed9t g\u00f3c (theo \u0111\u1ed9).",
    "MATH_TRIG_TOOLTIP_ASIN": "Ho\u00e0n tr\u1ea3 Arcsin c\u1ee7a m\u1ed9t g\u00f3c (theo \u0111\u1ed9).",
    "MATH_TRIG_TOOLTIP_ACOS": "Ho\u00e0n tr\u1ea3 Arccos c\u1ee7a m\u1ed9t g\u00f3c (theo \u0111\u1ed9).",
    "MATH_TRIG_TOOLTIP_ATAN": "Ho\u00e0n tr\u1ea3 Arctang c\u1ee7a m\u1ed9t g\u00f3c (theo \u0111\u1ed9).",
    "MATH_CONSTANT_HELPURL": "http://en.wikipedia.org/wiki/Mathematical_constant",
    "MATH_CONSTANT_TOOLTIP": "Ho\u00e0n tr\u1ea3 c\u00e1c \u0111\u1eb3ng s\u1ed1 th\u01b0\u1eddng g\u1eb7p: \u03c0 (3.141\u2026), e (2.718\u2026), \u03c6 (1.618\u2026), sqrt(2) (1.414\u2026), sqrt(\u00bd) (0.707\u2026), or \u221e (v\u00f4 c\u1ef1c).",
    "MATH_IS_EVEN": "ch\u1eb5n",
    "MATH_IS_ODD": "l\u1ebb",
    "MATH_IS_PRIME": "l\u00e0 s\u1ed1 nguy\u00ean t\u1ed1",
    "MATH_IS_WHOLE": "l\u00e0 s\u1ed1 nguy\u00ean",
    "MATH_IS_POSITIVE": "l\u00e0 s\u1ed1 d\u01b0\u01a1ng",
    "MATH_IS_NEGATIVE": "l\u00e0 s\u1ed1 \u00e2m",
    "MATH_IS_DIVISIBLE_BY": "chia h\u1ebft cho",
    "MATH_IS_TOOLTIP": "Ki\u1ec3m tra con s\u1ed1 xem n\u00f3 c\u00f3 ph\u1ea3i l\u00e0 s\u1ed1 ch\u1eb5n, l\u1ebb, nguy\u00ean t\u1ed1, nguy\u00ean, d\u01b0\u01a1ng, \u00e2m,  hay xem n\u00f3 c\u00f3 chia h\u1ebft cho s\u1ed1 \u0111\u1ea7u v\u00e0o hay kh\u00f4ng.  Ho\u00e0n tr\u1ea3 \u0111\u00fang hay sai.",
    "MATH_CHANGE_HELPURL": "https://vi.wikipedia.org/wiki/Ph%C3%A9p_c%E1%BB%99ng",
    "MATH_CHANGE_TITLE_CHANGE": "c\u1ed9ng v\u00e0o",
    "MATH_CHANGE_INPUT_BY": "gi\u00e1 tr\u1ecb",
    "MATH_CHANGE_TOOLTIP": "C\u1ed9ng s\u1ed1 \u0111\u1ea7u v\u00e0o v\u00e0o bi\u1ebfn \"%1\".",
    "MATH_ROUND_HELPURL": "http://en.wikipedia.org/wiki/Rounding",
    "MATH_ROUND_TOOLTIP": "L\u00e0m tr\u00f2n l\u00ean ho\u1eb7c tr\u00f2n xu\u1ed1ng s\u1ed1 \u0111\u1ea7u v\u00e0o.",
    "MATH_ROUND_OPERATOR_ROUND": "l\u00e0m tr\u00f2n",
    "MATH_ROUND_OPERATOR_ROUNDUP": "l\u00e0m tr\u00f2n l\u00ean",
    "MATH_ROUND_OPERATOR_ROUNDDOWN": "l\u00e0m tr\u00f2n xu\u1ed1ng",
    "MATH_ONLIST_HELPURL": "",
    "MATH_ONLIST_OPERATOR_SUM": "t\u1ed5ng c\u1ee7a m\u1ed9t danh s\u00e1ch",
    "MATH_ONLIST_TOOLTIP_SUM": "Ho\u00e0n tr\u1ea3 t\u1ed5ng s\u1ed1 c\u1ee7a t\u1ea5t c\u1ea3 c\u00e1c s\u1ed1 trong danh s\u00e1ch.",
    "MATH_ONLIST_OPERATOR_MIN": "s\u1ed1 nh\u1ecf nh\u1ea5t c\u1ee7a m\u1ed9t danh s\u00e1ch",
    "MATH_ONLIST_TOOLTIP_MIN": "Ho\u00e0n tr\u1ea3 s\u1ed1 nh\u1ecf nh\u1ea5t trong t\u1ea5t c\u1ea3 c\u00e1c s\u1ed1 trong danh s\u00e1ch.",
    "MATH_ONLIST_OPERATOR_MAX": "s\u1ed1 l\u1edbn nh\u00e2t c\u1ee7a m\u1ed9t danh s\u00e1ch",
    "MATH_ONLIST_TOOLTIP_MAX": "Ho\u00e0n tr\u1ea3 s\u1ed1 l\u1edbn nh\u1ea5t trong t\u1ea5t c\u1ea3 c\u00e1c s\u1ed1 trong danh s\u00e1ch.",
    "MATH_ONLIST_OPERATOR_AVERAGE": "gi\u00e1 tr\u1ecb trung b\u00ecnh c\u1ee7a m\u1ed9t danh s\u00e1ch",
    "MATH_ONLIST_TOOLTIP_AVERAGE": "Ho\u00e0n tr\u1ea3 gi\u00e1 tr\u1ecb trung b\u00ecnh t\u1eeb c\u1ee7a danh s\u00e1ch s\u1ed1.",
    "MATH_ONLIST_OPERATOR_MEDIAN": "s\u1ed1 trung v\u1ecb c\u1ee7a m\u1ed9t danh s\u00e1ch",
    "MATH_ONLIST_TOOLTIP_MEDIAN": "Ho\u00e0n tr\u1ea3 s\u1ed1 trung v\u1ecb c\u1ee7a danh s\u00e1ch s\u1ed1.",
    "MATH_ONLIST_OPERATOR_MODE": "c\u00e1c mode c\u1ee7a m\u1ed9t danh s\u00e1ch",
    "MATH_ONLIST_TOOLTIP_MODE": "Ho\u00e0n tr\u1ea3 c\u00e1c s\u1ed1 c\u00f3 m\u1eb7t nhi\u1ec1u nh\u1ea5t trong danh s\u00e1ch.",
    "MATH_ONLIST_OPERATOR_STD_DEV": "\u0111\u1ed9 l\u1ec7ch chu\u1ea9n c\u1ee7a m\u1ed9t danh s\u00e1ch",
    "MATH_ONLIST_TOOLTIP_STD_DEV": "Ho\u00e0n tr\u1ea3 \u0111\u1ed9 l\u1ec7ch chu\u1ea9n c\u1ee7a danh s\u00e1ch s\u1ed1.",
    "MATH_ONLIST_OPERATOR_RANDOM": "m\u1ed9t s\u1ed1 b\u1ea5t k\u1ef3 c\u1ee7a m\u1ed9t danh s\u00e1ch",
    "MATH_ONLIST_TOOLTIP_RANDOM": "Ho\u00e0n tr\u1ea3 m\u1ed9t s\u1ed1 b\u1ea5t k\u1ef3 t\u1eeb c\u00e1c s\u1ed1 trong danh s\u00e1ch.",
    "MATH_MODULO_HELPURL": "http://en.wikipedia.org/wiki/Modulo_operation",
    "MATH_MODULO_TITLE": "s\u1ed1 d\u01b0 c\u1ee7a %1 \u00f7 %2",
    "MATH_MODULO_TOOLTIP": "Chia s\u1ed1 th\u1ee9 nh\u1ea5t cho s\u1ed1 th\u1ee9 hai r\u1ed3i ho\u00e0n tr\u1ea3 s\u1ed1 d\u01b0 t\u1eeb.",
    "MATH_CONSTRAIN_TITLE": "gi\u1edbi h\u1ea1n %1 kh\u00f4ng d\u01b0\u1edbi %2 kh\u00f4ng h\u01a1n %3",
    "MATH_CONSTRAIN_TOOLTIP": "Gi\u1edbi h\u1ea1n s\u1ed1 \u0111\u1ea7u v\u00e0o \u0111\u1ec3 kh\u00f4ng d\u01b0\u1edbi s\u1ed1 th\u1ee9 nh\u1ea5t v\u00e0 kh\u00f4ng h\u01a1n s\u1ed1 th\u1ee9 hai.",
    "MATH_RANDOM_INT_HELPURL": "http://en.wikipedia.org/wiki/Random_number_generation",
    "MATH_RANDOM_INT_TITLE": "M\u1ed9t s\u1ed1 nguy\u00ean b\u1ea5t k\u1ef3 t\u1eeb %1 \u0111\u1ebfn %2",
    "MATH_RANDOM_INT_TOOLTIP": "Ho\u00e0n tr\u1ea3 m\u1ed9t s\u1ed1 nguy\u00ean b\u1ea5t k\u1ef3 l\u1edbn h\u01a1n ho\u1eb7c b\u1eb1ng s\u1ed1 \u0111\u1ea7u v\u00e0 nh\u1ecf h\u01a1n ho\u1eb7c b\u1eb1ng s\u1ed1 sau.",
    "MATH_RANDOM_FLOAT_HELPURL": "http://en.wikipedia.org/wiki/Random_number_generation",
    "MATH_RANDOM_FLOAT_TITLE_RANDOM": "ph\u00e2n s\u1ed1 b\u1ea5t k\u1ef3",
    "MATH_RANDOM_FLOAT_TOOLTIP": "Ho\u00e0n tr\u1ea3 m\u1ed9t ph\u00e2n s\u1ed1 b\u1ea5t k\u1ef3 kh\u00f4ng nh\u1ecf h\u01a1n 0.0 v\u00e0 kh\u00f4ng l\u1edbn h\u01a1n 1.0.",
    "TEXT_TEXT_HELPURL": "http://en.wikipedia.org/wiki/string _(computer_science)",
    "TEXT_TEXT_TOOLTIP": "M\u1ed9t k\u00fd t\u1ef1, m\u1ed9t t\u1eeb, hay m\u1ed9t d\u00f2ng.",
    "TEXT_JOIN_HELPURL": "",
    "TEXT_JOIN_TITLE_CREATEWITH": "t\u1ea1o v\u0103n b\u1ea3n t\u1eeb",
    "TEXT_JOIN_TOOLTIP": "T\u1ea1o m\u1ed9t v\u0103n b\u1ea3n t\u1eeb c\u00e1c th\u00e0nh ph\u1ea7n.",
    "TEXT_CREATE_JOIN_TITLE_JOIN": "k\u1ebft n\u1ed1i",
    "TEXT_CREATE_JOIN_TOOLTIP": "Th\u00eam, b\u1ecf, ho\u1eb7c s\u1eafp x\u1ebfp l\u1ea1i c\u00e1c th\u00e0nh ph\u1ea7n \u0111\u1ec3 t\u1ea1o d\u1ef1ng m\u1ea3nh v\u0103n b\u1ea3n n\u00e0y.",
    "TEXT_CREATE_JOIN_ITEM_TOOLTIP": "th\u00eam v\u1eadt m\u1edbi v\u00e0o v\u0103n b\u1ea3n.",
    "TEXT_APPEND_TO": "\u1edf cu\u1ed1i",
    "TEXT_APPEND_APPENDTEXT": "th\u00eam v\u0103n b\u1ea3n",
    "TEXT_APPEND_TOOLTIP": "Th\u00eam m\u1ed9t m\u1ea3ng v\u0103n b\u1ea3n v\u00e0o bi\u1ebfn \"%1\".",
    "TEXT_LENGTH_TITLE": "\u0111\u1ed9 d\u00e0i c\u1ee7a %1",
    "TEXT_LENGTH_TOOLTIP": "Ho\u00e0n tr\u1ea3 s\u1ed1 l\u01b0\u1ee3ng k\u00fd t\u1ef1 (k\u1ec3 c\u1ea3 kho\u1ea3ng tr\u1eafng) trong v\u0103n b\u1ea3n \u0111\u1ea7u v\u00e0o.",
    "TEXT_ISEMPTY_TITLE": "%1 tr\u1ed1ng kh\u00f4ng",
    "TEXT_ISEMPTY_TOOLTIP": "Ho\u00e0n tr\u1ea3 \u201c\u0111\u00fang n\u1ebfu v\u0103n b\u1ea3n kh\u00f4ng c\u00f3 k\u00fd t\u1ef1 n\u00e0o.",
    "TEXT_INDEXOF_TOOLTIP": "Ho\u00e0n tr\u1ea3 v\u1ecb tr\u00ed xu\u1ea5t hi\u1ec7n \u0111\u1ea7u/cu\u1ed1i c\u1ee7a v\u0103n b\u1ea3n th\u1ee9 nh\u1ea5t trong v\u0103n b\u1ea3n th\u1ee9 hai.  N\u1ebfu kh\u00f4ng t\u00ecm th\u1ea5y th\u00ec ho\u00e0n tr\u1ea3 s\u1ed1 0.",
    "TEXT_INDEXOF_INPUT_INTEXT": "trong v\u0103n b\u1ea3n",
    "TEXT_INDEXOF_OPERATOR_FIRST": "t\u00ecm s\u1ef1 c\u00f3 m\u1eb7t \u0111\u1ea7u ti\u00ean c\u1ee7a",
    "TEXT_INDEXOF_OPERATOR_LAST": "t\u00ecm s\u1ef1 c\u00f3 m\u1eb7t cu\u1ed1i c\u00f9ng c\u1ee7a",
    "TEXT_CHARAT_INPUT_INTEXT": "trong v\u0103n b\u1ea3n",
    "TEXT_CHARAT_FROM_START": "l\u1ea5y k\u00fd t\u1ef1 th\u1ee9",
    "TEXT_CHARAT_FROM_END": "l\u1ea5y t\u1eeb ph\u00eda cu\u1ed1i, k\u00fd t\u1ef1 th\u1ee9",
    "TEXT_CHARAT_FIRST": "l\u1ea5y k\u00fd t\u1ef1 \u0111\u1ea7u ti\u00ean",
    "TEXT_CHARAT_LAST": "l\u1ea5y k\u00fd t\u1ef1 cu\u1ed1i c\u00f9ng",
    "TEXT_CHARAT_RANDOM": "l\u1ea5y k\u00fd t\u1ef1 b\u1ea5t k\u1ef3",
    "TEXT_CHARAT_TAIL": "",
    "TEXT_CHARAT_TOOLTIP": "Ho\u00e0n tr\u1ea3 k\u00fd t\u1ef1 \u1edf v\u1ecb tr\u00ed \u0111\u1eb7t ra.",
    "TEXT_GET_SUBSTRING_TOOLTIP": "Ho\u00e0n tr\u1ea3 m\u1ed9t m\u1ea3ng k\u00fd t\u1ef1 \u1ea5n \u0111\u1ecbnh t\u1eeb trong v\u0103n b\u1ea3n.",
    "TEXT_GET_SUBSTRING_INPUT_IN_TEXT": "trong v\u0103n b\u1ea3n",
    "TEXT_GET_SUBSTRING_START_FROM_START": "l\u1ea5y t\u1eeb k\u00fd t\u1ef1 th\u1ee9",
    "TEXT_GET_SUBSTRING_START_FROM_END": "l\u1ea5y t\u1eeb ph\u00eda cu\u1ed1i, k\u00fd t\u1ef1 th\u1ee9",
    "TEXT_GET_SUBSTRING_START_FIRST": "l\u1ea5y t\u1eeb k\u00fd t\u1ef1 \u0111\u1ea7u ti\u00ean",
    "TEXT_GET_SUBSTRING_END_FROM_START": "\u0111\u1ebfn k\u00fd t\u1ef1 th\u1ee9",
    "TEXT_GET_SUBSTRING_END_FROM_END": "\u0111\u1ebfn t\u1eeb ph\u00eda cu\u1ed1i, k\u00fd t\u1ef1 th\u1ee9",
    "TEXT_GET_SUBSTRING_END_LAST": "\u0111\u1ebfn k\u00fd t\u1ef1 cu\u1ed1i c\u00f9ng",
    "TEXT_GET_SUBSTRING_TAIL": "",
    "TEXT_CHANGECASE_TOOLTIP": "Ho\u00e0n tr\u1ea3 v\u0103n b\u1ea3n sau khi chuy\u1ec3n \u0111\u1ed5i ch\u1eef in hoa hay th\u01b0\u1eddng.",
    "TEXT_CHANGECASE_OPERATOR_UPPERCASE": "th\u00e0nh CH\u1eee IN HOA",
    "TEXT_CHANGECASE_OPERATOR_LOWERCASE": "th\u00e0nh ch\u1eef th\u01b0\u1eddng",
    "TEXT_CHANGECASE_OPERATOR_TITLECASE": "th\u00e0nh Ch\u1eef In \u0110\u1ea7u M\u1ed7i T\u1eeb",
    "TEXT_TRIM_TOOLTIP": "Ho\u00e0n tr\u1ea3 b\u1ea3n sao c\u1ee7a v\u0103n b\u1ea3n sau khi x\u00f3a kho\u1ea3ng tr\u1eafng t\u1eeb m\u1ed9t ho\u1eb7c hai b\u00ean.",
    "TEXT_TRIM_OPERATOR_BOTH": "x\u00f3a kho\u1ea3ng tr\u1eafng t\u1eeb b\u00ean tr\u00e1i v\u00e0 ph\u1ea3i",
    "TEXT_TRIM_OPERATOR_LEFT": "x\u00f3a kho\u1ea3ng tr\u1eafng t\u1eeb b\u00ean tr\u00e1i",
    "TEXT_TRIM_OPERATOR_RIGHT": "x\u00f3a kho\u1ea3ng tr\u1eafng t\u1eeb b\u00ean ph\u1ea3i",
    "TEXT_PRINT_TITLE": "in l\u00ean m\u00e0ng h\u00ecnh %1",
    "TEXT_PRINT_TOOLTIP": "In ra m\u00e0ng h\u00ecnh m\u1ed9t v\u0103n b\u1ea3n, con s\u1ed1, hay m\u1ed9t gi\u00e1 tr\u1ecb \u0111\u1ea7u v\u00e0o kh\u00e1c.",
    "TEXT_PROMPT_TYPE_TEXT": "Xin ng\u01b0\u1eddi d\u00f9ng nh\u1eadp v\u00e0o v\u0103n b\u1ea3n v\u1edbi d\u00f2ng h\u01b0\u1edbng d\u1eabn",
    "TEXT_PROMPT_TYPE_NUMBER": "Xin ng\u01b0\u1eddi d\u00f9ng nh\u1eadp v\u00e0o con s\u1ed1 v\u1edbi d\u00f2ng h\u01b0\u1edbng d\u1eabn",
    "TEXT_PROMPT_TOOLTIP_NUMBER": "Xin ng\u01b0\u1eddi d\u00f9ng nh\u1eadp v\u00e0o m\u1ed9t con s\u1ed1.",
    "TEXT_PROMPT_TOOLTIP_TEXT": "Xin ng\u01b0\u1eddi d\u00f9ng nh\u1eadp v\u00e0o m\u1ed9t v\u0103n b\u1ea3n.",
    "LISTS_CREATE_EMPTY_TITLE": "t\u1ea1o danh s\u00e1ch tr\u1ed1ng",
    "LISTS_CREATE_EMPTY_TOOLTIP": "Ho\u00e0n tr\u1ea3 m\u1ed9t danh s\u00e1ch, v\u1edbi \u0111\u1ed9 d\u00e0i 0, kh\u00f4ng c\u00f3 th\u00e0nh t\u1ed1 n\u00e0o c\u1ea3",
    "LISTS_CREATE_WITH_TOOLTIP": "T\u1ea1o m\u1ed9t danh s\u00e1ch bao g\u1ed3m nhi\u1ec1u v\u1eadts, v\u1edbi m\u1ed9t s\u1ed1 l\u01b0\u1ee3ng b\u1ea5t k\u1ef3.",
    "LISTS_CREATE_WITH_INPUT_WITH": "t\u1ea1o danh s\u00e1ch g\u1ed3m",
    "LISTS_CREATE_WITH_CONTAINER_TITLE_ADD": "danh s\u00e1ch",
    "LISTS_CREATE_WITH_CONTAINER_TOOLTIP": "Th\u00eam, b\u1ecf, ho\u1eb7c s\u1eafp x\u1ebfp l\u1ea1i c\u00e1c th\u00e0nh ph\u1ea7n \u0111\u1ec3 t\u1ea1o d\u1ef1ng m\u1ea3nh danh s\u00e1ch n\u00e0y.",
    "LISTS_CREATE_WITH_ITEM_TOOLTIP": "Th\u00eam v\u1eadt v\u00e0o danh s\u00e1ch.",
    "LISTS_REPEAT_TOOLTIP": "T\u1ea1o danh s\u00e1ch g\u1ed3m m\u1ed9t s\u1ed1 l\u01b0\u1ee3ng v\u1eadt nh\u1ea5t \u0111\u1ecbnh v\u1edbi m\u1ed7i v\u1eadt \u0111\u1ec1u gi\u1ed1ng nhau.",
    "LISTS_REPEAT_TITLE": "t\u1ea1o danh s\u00e1ch g\u1ed3m m\u1ed9t v\u1eadt %1 l\u1eb7p l\u1ea1i %2 l\u1ea7n",
    "LISTS_LENGTH_TITLE": "\u0111\u1ed9 d\u00e0i c\u1ee7a %1",
    "LISTS_LENGTH_TOOLTIP": "Ho\u00e0n tr\u1ea3 \u0111\u1ed9 d\u00e0i c\u1ee7a m\u1ed9t danh s\u00e1ch.",
    "LISTS_IS_EMPTY_TITLE": "%1 tr\u1ed1ng r\u1ed7ng",
    "LISTS_TOOLTIP": "Ho\u00e0n tr\u1ea3 \u201c\u0111\u00fang\" n\u1ebfu danh s\u00e1ch kh\u00f4ng c\u00f3 th\u00e0nh t\u1eed n\u00e0o.",
    "LISTS_INLIST": "trong d\u00e1nh s\u00e1ch",
    "LISTS_INDEX_OF_FIRST": "t\u00ecm s\u1ef1 c\u00f3 m\u1eb7t \u0111\u1ea7u ti\u00ean c\u1ee7a v\u1eadt",
    "LISTS_INDEX_OF_LAST": "t\u00ecm s\u1ef1 c\u00f3 m\u1eb7t cu\u1ed1i c\u00f9ng c\u1ee7a v\u1eadt",
    "LISTS_INDEX_OF_TOOLTIP": "Ho\u00e0n tr\u1ea3 v\u1ecb tr\u00ed xu\u1ea5t hi\u1ec7n \u0111\u1ea7u/cu\u1ed1i c\u1ee7a v\u1eadt trong danh s\u00e1ch.  N\u1ebfu kh\u00f4ng t\u00ecm th\u1ea5y th\u00ec ho\u00e0n tr\u1ea3 s\u1ed1 0.",
    "LISTS_GET_INDEX_GET": "l\u1ea5y th\u00e0nh t\u1ed1",
    "LISTS_GET_INDEX_GET_REMOVE": "l\u1ea5y v\u00e0 x\u00f3a th\u00e0nh t\u1ed1",
    "LISTS_GET_INDEX_REMOVE": "x\u00f3a th\u00e0nh t\u1ed1",
    "LISTS_GET_INDEX_FROM_START": "th\u1ee9",
    "LISTS_GET_INDEX_FROM_END": "(\u0111\u1ebfm t\u1eeb cu\u1ed1i) th\u1ee9",
    "LISTS_GET_INDEX_FIRST": "\u0111\u1ea7u ti\u00ean",
    "LISTS_GET_INDEX_LAST": "cu\u1ed1i c\u00f9ng",
    "LISTS_GET_INDEX_RANDOM": "b\u1ea5t k\u1ef3",
    "LISTS_GET_INDEX_TOOLTIP_GET_FROM_START": "Ho\u00e0n tr\u1ea3 th\u00e0nh t\u1ed1 trong danh s\u00e1ch \u1edf v\u1ecb tr\u00ed \u1ea5n \u0111\u1ecbnh.  S\u1ed1 1 l\u00e0 th\u00e0nh t\u1ed1 \u0111\u1ea7u ti\u00ean.",
    "LISTS_GET_INDEX_TOOLTIP_GET_FROM_END": "Ho\u00e0n tr\u1ea3 th\u00e0nh t\u1ed1 trong danh s\u00e1ch \u1edf v\u1ecb tr\u00ed \u1ea5n \u0111\u1ecbnh.  S\u1ed1 1 l\u00e0 th\u00e0nh t\u1ed1 cu\u1ed1i c\u00f9ng.",
    "LISTS_GET_INDEX_TOOLTIP_GET_FIRST": "Ho\u00e0n tr\u1ea3 th\u00e0nh t\u1ed1 \u0111\u1ea7u ti\u00ean trong danh s\u00e1ch.",
    "LISTS_GET_INDEX_TOOLTIP_GET_LAST": "Ho\u00e0n tr\u1ea3 th\u00e0nh t\u1ed1 cu\u1ed1i c\u00f9ng trong danh s\u00e1ch.",
    "LISTS_GET_INDEX_TOOLTIP_GET_RANDOM": "Ho\u00e0n tr\u1ea3 m\u1ed9t th\u00e0nh t\u1ed1 b\u1ea5t k\u1ef3 trong danh s\u00e1ch.",
    "LISTS_GET_INDEX_TOOLTIP_GET_REMOVE_FROM_START": "Ho\u00e0n tr\u1ea3 v\u00e0 x\u00f3a th\u00e0nh t\u1ed1 trong danh s\u00e1ch \u1edf v\u1ecb tr\u00ed \u1ea5n \u0111\u1ecbnh.  S\u1ed1 1 l\u00e0 th\u00e0nh t\u1ed1 \u0111\u1ea7u ti\u00ean.",
    "LISTS_GET_INDEX_TOOLTIP_GET_REMOVE_FROM_END": "Ho\u00e0n tr\u1ea3 v\u00e0 x\u00f3a th\u00e0nh t\u1ed1 trong danh s\u00e1ch \u1edf v\u1ecb tr\u00ed \u1ea5n \u0111\u1ecbnh.  S\u1ed1 1 l\u00e0 th\u00e0nh t\u1ed1 cu\u1ed1i c\u00f9ng.",
    "LISTS_GET_INDEX_TOOLTIP_GET_REMOVE_FIRST": "Ho\u00e0n tr\u1ea3 v\u00e0 x\u00f3a th\u00e0nh t\u1ed1 \u0111\u1ea7u ti\u00ean trong danh s\u00e1ch.",
    "LISTS_GET_INDEX_TOOLTIP_GET_REMOVE_LAST": "Ho\u00e0n tr\u1ea3 v\u00e0 x\u00f3a th\u00e0nh t\u1ed1 cu\u1ed1i c\u00f9ng trong danh s\u00e1ch.",
    "LISTS_GET_INDEX_TOOLTIP_GET_REMOVE_RANDOM": "Ho\u00e0n tr\u1ea3 v\u00e0 x\u00f3a m\u1ed9tth\u00e0nh t\u1ed1 b\u1ea5t k\u1ef3 trong danh s\u00e1ch.",
    "LISTS_GET_INDEX_TOOLTIP_REMOVE_FROM_START": "X\u00f3a th\u00e0nh t\u1ed1 trong danh s\u00e1ch \u1edf v\u1ecb tr\u00ed \u1ea5n \u0111\u1ecbnh.  S\u1ed1 1 l\u00e0 th\u00e0nh t\u1ed1 \u0111\u1ea7u ti\u00ean.",
    "LISTS_GET_INDEX_TOOLTIP_REMOVE_FROM_END": "X\u00f3a th\u00e0nh t\u1ed1 trong danh s\u00e1ch \u1edf v\u1ecb tr\u00ed \u1ea5n \u0111\u1ecbnh.  S\u1ed1 1 l\u00e0 th\u00e0nh t\u1ed1 cu\u1ed1i c\u00f9ng.",
    "LISTS_GET_INDEX_TOOLTIP_REMOVE_FIRST": "X\u00f3a th\u00e0nh t\u1ed1 \u0111\u1ea7u ti\u00ean trong danh s\u00e1ch.",
    "LISTS_GET_INDEX_TOOLTIP_REMOVE_LAST": "X\u00f3a th\u00e0nh t\u1ed1 cu\u1ed1i c\u00f9ng trong danh s\u00e1ch.",
    "LISTS_GET_INDEX_TOOLTIP_REMOVE_RANDOM": "X\u00f3a th\u00e0nh t\u1ed1 b\u1ea5t k\u1ef3 trong danh s\u00e1ch.",
    "LISTS_SET_INDEX_SET": "\u0111\u1eb7t th\u00e0nh t\u1ed1",
    "LISTS_SET_INDEX_INSERT": "g\u1eafn ch\u00e8n v\u00e0o v\u1ecb tr\u00ed",
    "LISTS_SET_INDEX_INPUT_TO": "gi\u00e1 tr\u1ecb",
    "LISTS_SET_INDEX_TOOLTIP_SET_FROM_START": "\u0110\u1eb7t gi\u00e1 tr\u1ecb c\u1ee7a th\u00e0nh t\u1ed1 \u1edf v\u1ecb tr\u00ed \u1ea5n \u0111\u1ecbnh trong m\u1ed9t danh s\u00e1ch.  #1 l\u00e0 th\u00e0nh t\u1ed1 \u0111\u1ea7u ti\u00ean.",
    "LISTS_SET_INDEX_TOOLTIP_SET_FROM_END": "\u0110\u1eb7t gi\u00e1 tr\u1ecb c\u1ee7a th\u00e0nh t\u1ed1 trong m\u1ed9t danh s\u00e1ch \u1edf v\u1ecb tr\u00ed \u1ea5n \u0111\u1ecbnh t\u1eeb ph\u00eda cu\u1ed1i.  #1 l\u00e0 th\u00e0nh t\u1ed1 cu\u1ed1i c\u00f9ng.",
    "LISTS_SET_INDEX_TOOLTIP_SET_FIRST": "\u0110\u1eb7t gi\u00e1 tr\u1ecb c\u1ee7a th\u00e0nh t\u1ed1 \u0111\u1ea7u ti\u00ean trong danh s\u00e1ch.",
    "LISTS_SET_INDEX_TOOLTIP_SET_LAST": "\u0110\u1eb7t gi\u00e1 tr\u1ecb c\u1ee7a th\u00e0nh t\u1ed1 cu\u1ed1i c\u00f9ng trong danh s\u00e1ch.",
    "LISTS_SET_INDEX_TOOLTIP_SET_RANDOM": "\u0110\u1eb7t gi\u00e1 tr\u1ecb c\u1ee7a th\u00e0nh t\u1ed1 ng\u1eabu nhi\u00ean trong danh s\u00e1ch.",
    "LISTS_SET_INDEX_TOOLTIP_INSERT_FROM_START": "G\u1eafn ch\u00e8n v\u1eadt v\u00e0o danh s\u00e1ch theo v\u1ecb tr\u00ed \u1ea5n \u0111\u1ecbnh.  #1 l\u00e0 th\u00e0nh t\u1ed1 \u0111\u1ea7u ti\u00ean.",
    "LISTS_SET_INDEX_TOOLTIP_INSERT_FROM_END": "G\u1eafn ch\u00e8n v\u1eadt v\u00e0o danh s\u00e1ch theo v\u1ecb tr\u00ed \u1ea5n \u0111\u1ecbnh t\u1eeb ph\u00eda cu\u1ed1i.  #1 l\u00e0 th\u00e0nh t\u1ed1 cu\u1ed1i c\u00f9ng.",
    "LISTS_SET_INDEX_TOOLTIP_INSERT_FIRST": "G\u1eafn ch\u00e8n v\u1eadt v\u00e0o \u0111\u1ea7u danh s\u00e1ch.",
    "LISTS_SET_INDEX_TOOLTIP_INSERT_LAST": "G\u1eafn th\u00eam v\u1eadt v\u00e0o cu\u1ed1i danh s\u00e1ch.",
    "LISTS_SET_INDEX_TOOLTIP_INSERT_RANDOM": "G\u1eafn ch\u00e8n v\u1eadt v\u00e0o danh s\u00e1ch \u1edf v\u1ecb tr\u00ed ng\u1eabu nhi\u00ean.",
    "LISTS_GET_SUBLIST_START_FROM_START": "l\u1ea5y m\u1ed9t danh s\u00e1ch con t\u1eeb th\u1ee9",
    "LISTS_GET_SUBLIST_START_FROM_END": "l\u1ea5y m\u1ed9t danh s\u00e1ch con t\u1eeb (\u0111\u1ebfm t\u1eeb cu\u1ed1i) th\u1ee9",
    "LISTS_GET_SUBLIST_START_FIRST": "l\u1ea5y m\u1ed9t danh s\u00e1ch con t\u1eeb \u0111\u1ea7u ti\u00ean",
    "LISTS_GET_SUBLIST_END_FROM_START": "\u0111\u1ebfn th\u1ee9",
    "LISTS_GET_SUBLIST_END_FROM_END": "\u0111\u1ebfn (\u0111\u1ebfm t\u1eeb cu\u1ed1i) th\u1ee9",
    "LISTS_GET_SUBLIST_END_LAST": "\u0111\u1ebfn cu\u1ed1i c\u00f9ng",
    "LISTS_GET_SUBLIST_TOOLTIP": "L\u1ea5y m\u1ed9t m\u1ea3ng c\u1ee7a danh s\u00e1ch n\u00e0y \u0111\u1ec3 t\u1ea1o danh s\u00e1ch con.",
    "VARIABLES_GET_TITLE": "",
    "VARIABLES_GET_TAIL": "",
    "VARIABLES_GET_TOOLTIP": "Ho\u00e0n tr\u1ea3 gi\u00e1 tr\u1ecb c\u1ee7a.",
    "VARIABLES_GET_CREATE_SET": "T\u1ea1o m\u1ea3nh \"\u0111\u1eb7t v\u00e0o %1\"",
    "VARIABLES_SET_TITLE": "cho",
    "VARIABLES_SET_TAIL": "b\u1eb1ng",
    "VARIABLES_SET_TOOLTIP": "\u0110\u1eb7t gi\u00e1 tr\u1ecb c\u1ee7a bi\u1ebfn n\u00e0y th\u00e0nh...",
    "VARIABLES_SET_CREATE_GET": "T\u1ea1o m\u1ea3nh \"l\u1ea5y %1\"",
    "PROCEDURES_DEFNORETURN_TITLE": "",
    "PROCEDURES_DEFNORETURN_PROCEDURE": "th\u1ee7 t\u1ee5c",
    "PROCEDURES_BEFORE_PARAMS": "v\u1edbi:",
    "PROCEDURES_DEFNORETURN_DO": "",
    "PROCEDURES_DEFNORETURN_TOOLTIP": "M\u1ed9t th\u1ee7 t\u1ee5c kh\u00f4ng c\u00f3 gi\u00e1 tr\u1ecb ho\u00e0n tr\u1ea3.",
    "PROCEDURES_DEFRETURN_RETURN": "ho\u00e0n tr\u1ea3",
    "PROCEDURES_DEFRETURN_TOOLTIP": "M\u1ed9t th\u1ee7 t\u1ee5c c\u00f3 gi\u00e1 tr\u1ecb ho\u00e0n tr\u1ea3.",
    "PROCEDURES_DEF_DUPLICATE_WARNING": "Ch\u00fa \u00fd: Th\u1ee7 t\u1ee5c n\u00e0y c\u00f3 l\u1eb7p l\u1ea1i t\u00ean c\u00e1c tham s\u1ed1.",
    "PROCEDURES_CALLNORETURN_HELPURL": "http://en.wikipedia.org/wiki/procedure _ %28computer_science% 29",
    "PROCEDURES_CALLNORETURN_CALL": "th\u1ef1c hi\u1ec7n",
    "PROCEDURES_CALLNORETURN_TOOLTIP": "Ch\u1ea1y m\u1ed9t th\u1ee7 t\u1ee5c kh\u00f4ng c\u00f3 gi\u00e1 tr\u1ecb ho\u00e0n tr\u1ea3.",
    "PROCEDURES_CALLRETURN_HELPURL": "http://en.wikipedia.org/wiki/procedure _ %28computer_science% 29",
    "PROCEDURES_CALLRETURN_TOOLTIP": "Ch\u1ea1y m\u1ed9t th\u1ee7 t\u1ee5c c\u00f3 gi\u00e1 tr\u1ecb ho\u00e0n tr\u1ea3.",
    "PROCEDURES_MUTATORCONTAINER_TITLE": "c\u00e1c tham s\u1ed1",
    "PROCEDURES_MUTATORARG_TITLE": "bi\u1ebfn:",
    "PROCEDURES_HIGHLIGHT_DEF": "L\u00e0m n\u1ed5i b\u1eadt th\u1ee7 t\u1ee5c",
    "PROCEDURES_CREATE_DO": "T\u1ea1o m\u1ea3nh \"th\u1ef1c hi\u1ec7n %1\"",
    "PROCEDURES_IFRETURN_TOOLTIP": "Khi \u0111i\u1ec1u ki\u1ec7n \u0111\u00fang th\u00ec ho\u00e0n tr\u1ea3 m\u1ed9t gi\u00e1 tr\u1ecb.",
    "PROCEDURES_IFRETURN_WARNING": "Ch\u00fa \u00fd: M\u1ea3nh n\u00e0y ch\u1ec9 c\u00f3 th\u1ec3 d\u00f9ng trong m\u1ed9t th\u1ee7 t\u1ee5c."
}