{
    "@metadata": {
        "authors": [
            "Gasolin"
        ]
    },
    "VARIABLES_DEFAULT_NAME": "\u8b8a\u91cf",
    "DUPLICATE_BLOCK": "\u8907\u88fd",
    "ADD_COMMENT": "\u52a0\u5165\u8a3b\u89e3",
    "REMOVE_COMMENT": "\u79fb\u9664\u8a3b\u89e3",
    "EXTERNAL_INPUTS": "\u591a\u884c\u8f38\u5165",
    "INLINE_INPUTS": "\u55ae\u884c\u8f38\u5165",
    "DELETE_BLOCK": "\u522a\u9664\u7a4d\u6728",
    "DELETE_X_BLOCKS": "\u522a\u9664 %1 \u584a\u7a4d\u6728",
    "COLLAPSE_BLOCK": "\u6536\u5408\u7a4d\u6728",
    "COLLAPSE_ALL": "\u6536\u5408\u7a4d\u6728",
    "EXPAND_BLOCK": "\u5c55\u958b\u7a4d\u6728",
    "EXPAND_ALL": "\u5c55\u958b\u7a4d\u6728",
    "DISABLE_BLOCK": "\u505c\u7528\u7a4d\u6728",
    "ENABLE_BLOCK": "\u555f\u7528\u7a4d\u6728",
    "HELP": "\u8aaa\u660e",
    "CHANGE_VALUE_TITLE": "\u4fee\u6539\u503c:",
    "NEW_VARIABLE": "\u65b0\u8b8a\u91cf...",
    "NEW_VARIABLE_TITLE": "\u65b0\u8b8a\u91cf\u540d\u7a31:",
    "RENAME_VARIABLE": "\u91cd\u65b0\u547d\u540d\u8b8a\u91cf...",
    "RENAME_VARIABLE_TITLE": "\u5c07\u6240\u6709 \"%1\" \u8b8a\u91cf\u91cd\u65b0\u547d\u540d\u70ba:",
    "COLOUR_PICKER_TOOLTIP": "\u5f9e\u8abf\u8272\u677f\u4e2d\u9078\u64c7\u4e00\u7a2e\u984f\u8272\u3002",
    "COLOUR_RANDOM_TITLE": "\u96a8\u6a5f\u984f\u8272",
    "COLOUR_RANDOM_TOOLTIP": "\u96a8\u6a5f\u9078\u64c7\u4e00\u7a2e\u984f\u8272\u3002",
    "COLOUR_RGB_TITLE": "\u984f\u8272",
    "COLOUR_RGB_RED": "\u7d05",
    "COLOUR_RGB_GREEN": "\u7da0",
    "COLOUR_RGB_BLUE": "\u85cd",
    "COLOUR_BLEND_TITLE": "\u6df7\u5408",
    "COLOUR_BLEND_COLOUR1": "\u984f\u8272 1",
    "COLOUR_BLEND_COLOUR2": "\u984f\u8272 2",
    "COLOUR_BLEND_RATIO": "\u6bd4\u4f8b",
    "CONTROLS_REPEAT_TITLE": "\u91cd\u8907 %1 \u6b21\u6578",
    "CONTROLS_REPEAT_TITLE_REPEAT": "\u91cd\u8907",
    "CONTROLS_REPEAT_TITLE_TIMES": "\u6b21\u6578",
    "CONTROLS_REPEAT_INPUT_DO": "\u57f7\u884c",
    "CONTROLS_WHILEUNTIL_OPERATOR_WHILE": "\u91cd\u8907 \u7576",
    "CONTROLS_WHILEUNTIL_OPERATOR_UNTIL": "\u91cd\u8907 \u76f4\u5230",
    "CONTROLS_FOR_INPUT_WITH": "\u4f7f\u7528",
    "CONTROLS_FOR_INPUT_FROM_TO_BY": "\u5f9e\u7bc4\u570d %1 \u5230 %2 \u6bcf\u9694 %3",
    "CONTROLS_FOREACH_INPUT_ITEM": "\u53d6\u51fa\u6bcf\u500b",
    "CONTROLS_FOREACH_INPUT_INLIST": "\u81ea\u5217\u8868",
    "CONTROLS_FOREACH_INPUT_INLIST_TAIL": "",
    "CONTROLS_FLOW_STATEMENTS_OPERATOR_BREAK": "\u505c\u6b62 \u8ff4\u5708",
    "CONTROLS_FLOW_STATEMENTS_OPERATOR_CONTINUE": "\u7e7c\u7e8c\u4e0b\u4e00\u500b \u8ff4\u5708",
    "CONTROLS_IF_MSG_IF": "\u5982\u679c",
    "CONTROLS_IF_MSG_ELSEIF": "\u5426\u5247\u5982\u679c",
    "CONTROLS_IF_MSG_ELSE": "\u5426\u5247",
    "LOGIC_OPERATION_AND": "\u4e14",
    "LOGIC_OPERATION_OR": "\u6216",
    "LOGIC_NEGATE_TITLE": "\u975e %1",
    "LOGIC_BOOLEAN_TRUE": "\u662f",
    "LOGIC_BOOLEAN_FALSE": "\u5426",
    "LOGIC_NULL": "\u7a7a",
    "LOGIC_TERNARY_CONDITION": "\u6e2c\u8a66",
    "LOGIC_TERNARY_IF_TRUE": "\u5982\u679c\u70ba\u771f",
    "LOGIC_TERNARY_IF_FALSE": "\u5982\u679c\u70ba\u975e",
    "MATH_NUMBER_TOOLTIP": "\u4e00\u500b\u6578\u5b57\u3002",
    "MATH_SINGLE_OP_ROOT": "\u958b\u6839\u865f",
    "MATH_SINGLE_OP_ABSOLUTE": "\u7d55\u5c0d\u503c",
    "MATH_IS_EVEN": "\u662f\u5076\u6578",
    "MATH_IS_ODD": "\u662f\u5947\u6578",
    "MATH_IS_PRIME": "\u662f\u8cea\u6578",
    "MATH_IS_WHOLE": "\u662f\u975e\u8ca0\u6574\u6578",
    "MATH_IS_POSITIVE": "\u662f\u6b63\u503c",
    "MATH_IS_NEGATIVE": "\u662f\u8ca0\u503c",
    "MATH_IS_DIVISIBLE_BY": "\u53ef\u88ab\u6574\u9664",
    "MATH_CHANGE_TITLE_CHANGE": "\u4fee\u6539",
    "MATH_CHANGE_INPUT_BY": "\u81ea",
    "MATH_ROUND_OPERATOR_ROUND": "\u56db\u6368\u4e94\u5165",
    "MATH_ROUND_OPERATOR_ROUNDUP": "\u7121\u689d\u4ef6\u9032\u4f4d",
    "MATH_ROUND_OPERATOR_ROUNDDOWN": "\u7121\u689d\u4ef6\u6368\u53bb",
    "MATH_ONLIST_OPERATOR_SUM": "\u7e3d\u548c \u81ea\u5217\u8868",
    "MATH_ONLIST_OPERATOR_MIN": "\u6700\u5c0f\u503c \u81ea\u5217\u8868",
    "MATH_ONLIST_OPERATOR_MAX": "\u6700\u5927\u503c \u81ea\u5217\u8868",
    "MATH_ONLIST_OPERATOR_AVERAGE": "\u5e73\u5747\u503c \u81ea\u5217\u8868",
    "MATH_ONLIST_OPERATOR_MEDIAN": "\u4e2d\u4f4d\u6578 \u81ea\u5217\u8868",
    "MATH_ONLIST_OPERATOR_MODE": "\u6bd4\u8f03\u773e\u6578 \u81ea\u5217\u8868",
    "MATH_ONLIST_OPERATOR_STD_DEV": "\u6a19\u6e96\u5dee \u81ea\u5217\u8868",
    "MATH_ONLIST_OPERATOR_RANDOM": "\u96a8\u6a5f\u62bd\u53d6 \u81ea\u5217\u8868",
    "MATH_MODULO_TITLE": "\u53d6\u9918\u6578\u81ea %1 \u00f7 %2",
    "MATH_CONSTRAIN_TITLE": "\u9650\u5236\u6578\u5b57 %1 \u4ecb\u65bc (\u4f4e) %2 \u5230 (\u9ad8) %3",
    "MATH_RANDOM_INT_TITLE": "\u53d6\u96a8\u6a5f\u6574\u6578\u4ecb\u65bc (\u4f4e) %1 \u5230 %2",
    "MATH_RANDOM_FLOAT_TITLE_RANDOM": "\u53d6\u96a8\u6a5f\u5206\u6578",
    "TEXT_JOIN_TITLE_CREATEWITH": "\u5efa\u7acb\u5b57\u4e32\u4f7f\u7528",
    "TEXT_CREATE_JOIN_TITLE_JOIN": "\u52a0\u5165",
    "TEXT_APPEND_TO": "\u5728",
    "TEXT_APPEND_APPENDTEXT": "\u5f8c\u52a0\u5165\u6587\u5b57",
    "TEXT_LENGTH_TITLE": "\u9577\u5ea6 %1",
    "TEXT_ISEMPTY_TITLE": "%1 \u70ba\u7a7a",
    "TEXT_INDEXOF_INPUT_INTEXT": "\u5728\u5b57\u4e32",
    "TEXT_INDEXOF_OPERATOR_FIRST": "\u5c0b\u627e \u7b2c\u4e00\u500b \u51fa\u73fe\u7684\u5b57\u4e32",
    "TEXT_INDEXOF_OPERATOR_LAST": "\u5c0b\u627e \u6700\u5f8c\u4e00\u500b \u51fa\u73fe\u7684\u5b57\u4e32",
    "TEXT_CHARAT_INPUT_INTEXT": "\u7684\u5b57\u5143\u5728\u5b57\u4e32",
    "TEXT_CHARAT_FIRST": "\u53d6\u7b2c\u4e00\u500b\u5b57\u5143",
    "TEXT_CHARAT_LAST": "\u53d6\u6700\u5f8c\u4e00\u500b\u5b57\u5143",
    "TEXT_CHARAT_RANDOM": "\u53d6\u96a8\u6a5f\u4e00\u500b\u5b57\u5143",
    "TEXT_CHARAT_TAIL": "",
    "TEXT_CHARAT_TOOLTIP": "\u8fd4\u56de\u4f4d\u65bc\u6307\u5b9a\u4f4d\u7f6e\u7684\u5b57\u5143\u3002",
    "TEXT_GET_SUBSTRING_TOOLTIP": "\u8fd4\u56de\u6307\u5b9a\u7684\u90e8\u5206\u6587\u5b57\u3002",
    "TEXT_GET_SUBSTRING_INPUT_IN_TEXT": "\u81ea\u5b57\u4e32",
    "TEXT_GET_SUBSTRING_START_FROM_START": "\u53d6\u5f97\u4e00\u6bb5\u5b57\u4e32\u81ea #",
    "TEXT_GET_SUBSTRING_END_FROM_START": "\u5230 \u5b57\u5143 #",
    "TEXT_GET_SUBSTRING_END_FROM_END": "\u5230 \u5012\u6578\u7b2c # \u500b\u5b57\u5143",
    "TEXT_GET_SUBSTRING_END_LAST": "\u5230 \u6700\u5f8c\u4e00\u500b\u5b57\u5143",
    "TEXT_CHANGECASE_OPERATOR_UPPERCASE": "\u6539\u6210 \u8f49\u5927\u5beb",
    "TEXT_CHANGECASE_OPERATOR_LOWERCASE": "\u6539\u6210 \u8f49\u5c0f\u5beb",
    "TEXT_CHANGECASE_OPERATOR_TITLECASE": "\u6539\u6210 \u982d\u5b57\u6bcd\u5927\u5beb",
    "TEXT_TRIM_OPERATOR_BOTH": "\u5f9e \u5169\u5074 \u6d88\u9664\u7a7a\u683c",
    "TEXT_TRIM_OPERATOR_LEFT": "\u5f9e \u5de6\u5074 \u6d88\u9664\u7a7a\u683c",
    "TEXT_TRIM_OPERATOR_RIGHT": "\u5f9e \u53f3\u5074 \u6d88\u9664\u7a7a\u683c",
    "TEXT_PRINT_TITLE": "\u5370\u51fa %1",
    "TEXT_PROMPT_TYPE_TEXT": "\u8f38\u5165 \u6587\u5b57 \u4e26\u986f\u793a\u63d0\u793a\u8a0a\u606f",
    "TEXT_PROMPT_TYPE_NUMBER": "\u8f38\u5165 \u6578\u5b57 \u4e26\u986f\u793a\u63d0\u793a\u8a0a\u606f",
    "TEXT_PROMPT_TOOLTIP_NUMBER": "\u8f38\u5165\u6578\u5b57",
    "TEXT_PROMPT_TOOLTIP_TEXT": "\u8f38\u5165\u6587\u5b57",
    "LISTS_CREATE_EMPTY_TITLE": "\u5efa\u7acb\u7a7a\u5217\u8868",
    "LISTS_CREATE_WITH_INPUT_WITH": "\u4f7f\u7528\u9019\u4e9b\u503c\u5efa\u7acb\u5217\u8868",
    "LISTS_CREATE_WITH_CONTAINER_TITLE_ADD": "\u52a0\u5165",
    "LISTS_REPEAT_TITLE": "\u5efa\u7acb\u5217\u8868\u4f7f\u7528\u9805\u76ee %1 \u91cd\u8907 %2 \u6b21\u6578",
    "LISTS_LENGTH_TITLE": "\u9577\u5ea6 %1",
    "LISTS_IS_EMPTY_TITLE": "%1 \u503c\u70ba\u7a7a",
    "LISTS_INLIST": "\u81ea\u5217\u8868",
    "LISTS_INDEX_OF_FIRST": "\u627e\u51fa \u7b2c\u4e00\u500b \u9805\u76ee\u51fa\u73fe",
    "LISTS_INDEX_OF_LAST": "\u627e\u51fa \u6700\u5f8c\u4e00\u500b \u9805\u76ee\u51fa\u73fe",
    "LISTS_GET_INDEX_GET": "\u53d6\u503c",
    "LISTS_GET_INDEX_GET_REMOVE": "\u53d6\u51fa\u4e26\u79fb\u9664",
    "LISTS_GET_INDEX_REMOVE": "\u79fb\u9664",
    "LISTS_GET_INDEX_FROM_END": "\u5012\u6578\u7b2c#\u7b46",
    "LISTS_GET_INDEX_FIRST": "\u7b2c\u4e00\u7b46",
    "LISTS_GET_INDEX_LAST": "\u6700\u5f8c\u4e00\u7b46",
    "LISTS_GET_INDEX_RANDOM": "\u96a8\u6a5f",
    "VARIABLES_GET_TITLE": "",
    "VARIABLES_GET_TAIL": "",
    "VARIABLES_SET_TITLE": "\u8ce6\u503c",
    "VARIABLES_SET_TAIL": "\u5230",
    "PROCEDURES_DEFNORETURN_TITLE": "\u5230",
    "PROCEDURES_DEFNORETURN_PROCEDURE": "\u6d41\u7a0b",
    "PROCEDURES_DEFRETURN_RETURN": "\u56de\u50b3",
    "PROCEDURES_CALLNORETURN_CALL": "\u547c\u53eb",
    "PROCEDURES_MUTATORCONTAINER_TITLE": "\u53c3\u6578",
    "PROCEDURES_MUTATORARG_TITLE": "\u8b8a\u91cf:"
}